manual_rank,priority,priority_score,review_row,review_action,manual_bucket,risk_level,recommended_next_step,url,domain,canonical_name,pricing,lang,classification,candidate_import_recommendation,occurrence_count,registry_target_ids,registry_submit_urls,source_files,latest_batch_id,evidence_file,suggestion_file,http_status,fetch_ok,final_url,form_count,input_count,submit_path_signal,directory_signal,auth_signal,oauth_signal,captcha_signal,cloudflare_signal,payment_signal,evidence_suggested_decision,suggested_review_decision,suggestion_confidence,possible_approval_decision,reviewer_action,suggested_review_notes,safety_gate_reason,safety_gate_batch_id,safety_gate_report,checked_at
1,P0,337,75,verify_distinct_submit_url_for_existing_domain,fetch_failed_cannot_decide,high_priority_manual,Confirm this URL is a distinct valid submit URL from existing registry URLs; reject duplicate or invalid paths.,https://aiscout.net/submit,aiscout.net,aiscout.net,unknown,unknown,domain_in_registry_only,review_submit_url,2,ai-scout; ai-scout-aiscout-net-submit-listing-details,https://aiscout.net/; https://aiscout.net/submit-listing/details,directory-submissions-external-links.csv; directory-submissions-external-links.md,q100-001,q100-001-evidence.csv,q100-001-suggestions.csv,,no,,0,0,yes,unknown,unknown,unknown,unknown,unknown,unknown,review_fetch_failed,needs_manual_check,low,,manual_browser_check_required_before_decision,This operation was aborted; evidence: URL path looks like a submission endpoint; This operation was aborted; same-domain variant must not use generic approved,,,,2026-05-22T08:50:14.797Z
2,P0,337,79,verify_distinct_submit_url_for_existing_domain,fetch_failed_cannot_decide,high_priority_manual,Confirm this URL is a distinct valid submit URL from existing registry URLs; reject duplicate or invalid paths.,https://aitoolsdirectory.com/submit,aitoolsdirectory.com,aitoolsdirectory.com,unknown,unknown,domain_in_registry_only,review_submit_url,2,aitoolsdirectory,https://aitoolsdirectory.com/submit-tool,directory-submissions-external-links.csv; directory-submissions-external-links.md,q100-001,q100-001-evidence.csv,q100-001-suggestions.csv,,no,,0,0,yes,unknown,unknown,unknown,unknown,unknown,unknown,review_fetch_failed,needs_manual_check,low,,manual_browser_check_required_before_decision,This operation was aborted; evidence: URL path looks like a submission endpoint; This operation was aborted; same-domain variant must not use generic approved,,,,2026-05-22T08:50:24.823Z
3,P0,337,208,verify_distinct_submit_url_for_existing_domain,medium_confidence_requires_human_confirmation,high_priority_manual,Confirm this URL is a distinct valid submit URL from existing registry URLs; reject duplicate or invalid paths.,https://devhunt.org/submit,devhunt.org,devhunt.org,unknown,unknown,domain_in_registry_only,review_submit_url,2,dev-hunt; dev-hunt-devhunt-org-account-tools-new,https://devhunt.org/; https://devhunt.org/account/tools/new,directory-submissions-external-links.csv; directory-submissions-external-links.md,q100-001,q100-001-evidence.csv,q100-001-suggestions.csv,200,yes,https://devhunt.org/submit,0,0,yes,no,no,no,yes,no,no,reject_auth_required,reject_auth_required,medium,,reject_for_automation_unless_human_assisted_flow_is_explicitly_planned,CAPTCHA or Cloudflare/human-verification signal found; evidence: CAPTCHA signal found; URL path looks like a submission endpoint; same-domain variant must not use generic approved,,,,2026-05-22T08:50:34.829Z
4,P0,287,472,verify_distinct_submit_url_for_existing_domain,medium_confidence_requires_human_confirmation,high_priority_manual,Confirm this URL is a distinct valid submit URL from existing registry URLs; reject duplicate or invalid paths.,https://www.sideprojectors.com/project/new,sideprojectors.com,sideprojectors.com,unknown,unknown,domain_in_registry_only,review_submit_url,2,sideprojectors,https://www.sideprojectors.com/,directory-submissions-external-links.csv; directory-submissions-external-links.md,q100-001,q100-001-evidence.csv,q100-001-suggestions.csv,200,yes,https://www.sideprojectors.com/project/new,0,0,no,yes,no,no,yes,yes,no,reject_auth_required,reject_auth_required,medium,,reject_for_automation_unless_human_assisted_flow_is_explicitly_planned,CAPTCHA or Cloudflare/human-verification signal found; evidence: CAPTCHA signal found; Cloudflare/human verification signal found; directory/listing marketplace text signal found; same-domain variant must not use generic approved,,,,2026-05-22T08:50:35.762Z
5,P0,287,497,verify_distinct_submit_url_for_existing_domain,fetch_failed_cannot_decide,high_priority_manual,Confirm this URL is a distinct valid submit URL from existing registry URLs; reject duplicate or invalid paths.,https://stackshare.io/new-product,stackshare.io,stackshare.io,unknown,unknown,domain_in_registry_only,review_submit_url,2,stackshare,https://stackshare.io/submit,directory-submissions-external-links.csv; directory-submissions-external-links.md,q100-001,q100-001-evidence.csv,q100-001-suggestions.csv,429,no,https://stackshare.io/new-product,0,0,no,yes,no,no,no,no,no,review_fetch_failed,needs_manual_check,low,,manual_browser_check_required_before_decision,HTTP 429; evidence: directory/listing marketplace text signal found; HTTP 429; same-domain variant must not use generic approved,,,,2026-05-22T08:50:37.245Z
6,P0,187,63,verify_submit_form_then_approve_or_reject,fetch_failed_cannot_decide,high_priority_manual,"Retry in browser; do not reject based only on fetch failure, timeout, 403, 429, CAPTCHA, or Cloudflare.",https://ai.xyz/submit,ai.xyz,ai.xyz,unknown,unknown,missing_domain,review_submit_url,2,,,directory-submissions-external-links.csv; directory-submissions-external-links.md,q100-001,q100-001-evidence.csv,q100-001-suggestions.csv,,no,,0,0,yes,unknown,unknown,unknown,unknown,unknown,unknown,review_fetch_failed,needs_manual_check,low,,manual_browser_check_required_before_decision,fetch failed; evidence: URL path looks like a submission endpoint; fetch failed,,,,2026-05-22T08:50:38.125Z
7,P0,187,64,verify_submit_form_then_approve_or_reject,fetch_failed_cannot_decide,high_priority_manual,"Retry in browser; do not reject based only on fetch failure, timeout, 403, 429, CAPTCHA, or Cloudflare.",https://aiagents.live/submit,aiagents.live,aiagents.live,unknown,unknown,missing_domain,review_submit_url,2,,,directory-submissions-external-links.csv; directory-submissions-external-links.md,q100-001,q100-001-evidence.csv,q100-001-suggestions.csv,,no,,0,0,yes,unknown,unknown,unknown,unknown,unknown,unknown,review_fetch_failed,needs_manual_check,low,,manual_browser_check_required_before_decision,fetch failed; evidence: URL path looks like a submission endpoint; fetch failed,,,,2026-05-22T08:50:46.752Z
8,P0,187,65,verify_submit_form_then_approve_or_reject,medium_confidence_requires_human_confirmation,high_priority_manual,Decide whether this is assisted/manual-strategic; do not automate without explicit login/session plan and persisted selectors.,https://aiagentsbase.com/submit,aiagentsbase.com,aiagentsbase.com,unknown,unknown,missing_domain,review_submit_url,2,,,directory-submissions-external-links.csv; directory-submissions-external-links.md,q100-001,q100-001-evidence.csv,q100-001-suggestions.csv,200,yes,https://aiagentsbase.com/submit,3,18,yes,yes,no,no,yes,no,no,reject_auth_required,reject_auth_required,medium,,reject_for_automation_unless_human_assisted_flow_is_explicitly_planned,"CAPTCHA or Cloudflare/human-verification signal found; evidence: CAPTCHA signal found; 3 form(s), 18 input/select/textarea fields; submit/add/list/publish button text signal found; URL path looks like a submission endpoint; directory/listing marketplace text signal found",,,,2026-05-22T08:50:48.216Z
9,P0,187,68,verify_submit_form_then_approve_or_reject,manual_submit_form_confirmation_required,high_priority_manual,Open manually and record approve/reject decision with notes; approval must remain non-executable until scout evidence exists.,https://aiagentsmarketplace.com/submit,aiagentsmarketplace.com,aiagentsmarketplace.com,unknown,unknown,missing_domain,review_submit_url,2,,,directory-submissions-external-links.csv; directory-submissions-external-links.md,q100-001,q100-001-evidence.csv,q100-001-suggestions.csv,200,yes,https://aiagentsmarketplace.com/submit,0,0,yes,yes,no,no,no,no,no,review_manually,needs_manual_check,low,,manual_confirm_submit_form_and_blockers,submit URL/button signal found but evidence is incomplete; evidence: URL path looks like a submission endpoint; directory/listing marketplace text signal found,,,,2026-05-22T08:50:51.053Z
10,P0,187,72,verify_submit_form_then_approve_or_reject,fetch_failed_cannot_decide,high_priority_manual,"Retry in browser; do not reject based only on fetch failure, timeout, 403, 429, CAPTCHA, or Cloudflare.",https://aimatchpro.ai/submit,aimatchpro.ai,aimatchpro.ai,unknown,unknown,missing_domain,review_submit_url,2,,,directory-submissions-external-links.csv; directory-submissions-external-links.md,q100-001,q100-001-evidence.csv,q100-001-suggestions.csv,,no,,0,0,yes,unknown,unknown,unknown,unknown,unknown,unknown,review_fetch_failed,needs_manual_check,low,,manual_browser_check_required_before_decision,fetch failed; evidence: URL path looks like a submission endpoint; fetch failed,,,,2026-05-22T08:50:51.874Z
11,P0,187,78,verify_submit_form_then_approve_or_reject,medium_confidence_requires_human_confirmation,high_priority_manual,Decide whether this is assisted/manual-strategic; do not automate without explicit login/session plan and persisted selectors.,https://aitools.love/submit,aitools.love,aitools.love,unknown,unknown,missing_domain,review_submit_url,2,,,directory-submissions-external-links.csv; directory-submissions-external-links.md,q100-001,q100-001-evidence.csv,q100-001-suggestions.csv,200,yes,https://aitools.love/submit,0,0,yes,yes,no,no,yes,yes,no,reject_auth_required,reject_auth_required,medium,,reject_for_automation_unless_human_assisted_flow_is_explicitly_planned,CAPTCHA or Cloudflare/human-verification signal found; evidence: CAPTCHA signal found; Cloudflare/human verification signal found; URL path looks like a submission endpoint; directory/listing marketplace text signal found,,,,2026-05-22T08:50:52.123Z
12,P0,187,81,verify_submit_form_then_approve_or_reject,fetch_failed_cannot_decide,high_priority_manual,"Retry in browser; do not reject based only on fetch failure, timeout, 403, 429, CAPTCHA, or Cloudflare.",https://www.aitrendytools.com/submit,aitrendytools.com,aitrendytools.com,unknown,unknown,missing_domain,review_submit_url,2,,,directory-submissions-external-links.csv; directory-submissions-external-links.md,q100-001,q100-001-evidence.csv,q100-001-suggestions.csv,,no,,0,0,yes,unknown,unknown,unknown,unknown,unknown,unknown,review_fetch_failed,needs_manual_check,low,,manual_browser_check_required_before_decision,fetch failed; evidence: URL path looks like a submission endpoint; fetch failed,,,,2026-05-22T08:50:54.534Z
13,P0,187,115,verify_submit_form_then_approve_or_reject,fetch_failed_cannot_decide,high_priority_manual,"Retry in browser; do not reject based only on fetch failure, timeout, 403, 429, CAPTCHA, or Cloudflare.",https://bestofweb.io/submit,bestofweb.io,bestofweb.io,unknown,unknown,missing_domain,review_submit_url,2,,,directory-submissions-external-links.csv; directory-submissions-external-links.md,q100-001,q100-001-evidence.csv,q100-001-suggestions.csv,,no,,0,0,yes,unknown,unknown,unknown,unknown,unknown,unknown,review_fetch_failed,needs_manual_check,low,,manual_browser_check_required_before_decision,fetch failed; evidence: URL path looks like a submission endpoint; fetch failed,,,,2026-05-22T08:50:55.957Z
14,P0,187,274,verify_submit_form_then_approve_or_reject,manual_submit_form_confirmation_required,high_priority_manual,Open manually and record approve/reject decision with notes; approval must remain non-executable until scout evidence exists.,https://getbyte.co/submit,getbyte.co,getbyte.co,unknown,unknown,missing_domain,review_submit_url,2,,,directory-submissions-external-links.csv; directory-submissions-external-links.md,q100-001,q100-001-evidence.csv,q100-001-suggestions.csv,200,yes,https://getbyte.co/submit,0,0,yes,no,no,no,no,no,no,review_manually,needs_manual_check,low,,manual_confirm_submit_form_and_blockers,submit URL/button signal found but evidence is incomplete; evidence: URL path looks like a submission endpoint,,,,2026-05-22T08:50:56.468Z
15,P0,187,332,verify_submit_form_then_approve_or_reject,fetch_failed_cannot_decide,high_priority_manual,"Retry in browser; do not reject based only on fetch failure, timeout, 403, 429, CAPTCHA, or Cloudflare.",https://launchvault.com/submit,launchvault.com,launchvault.com,unknown,unknown,missing_domain,review_submit_url,2,,,directory-submissions-external-links.csv; directory-submissions-external-links.md,q100-001,q100-001-evidence.csv,q100-001-suggestions.csv,,no,,0,0,yes,unknown,unknown,unknown,unknown,unknown,unknown,review_fetch_failed,needs_manual_check,low,,manual_browser_check_required_before_decision,fetch failed; evidence: URL path looks like a submission endpoint; fetch failed,,,,2026-05-22T08:50:57.477Z
16,P0,187,392,verify_submit_form_then_approve_or_reject,medium_confidence_requires_human_confirmation,high_priority_manual,Decide whether this is assisted/manual-strategic; do not automate without explicit login/session plan and persisted selectors.,https://www.nocodedevs.com/submit,nocodedevs.com,nocodedevs.com,unknown,unknown,missing_domain,review_submit_url,2,,,directory-submissions-external-links.csv; directory-submissions-external-links.md,q100-001,q100-001-evidence.csv,q100-001-suggestions.csv,200,yes,https://www.makerthrive.com/,0,0,no,yes,no,no,yes,yes,no,reject_auth_required,reject_auth_required,medium,,reject_for_automation_unless_human_assisted_flow_is_explicitly_planned,CAPTCHA or Cloudflare/human-verification signal found; evidence: CAPTCHA signal found; Cloudflare/human verification signal found; directory/listing marketplace text signal found; final domain changed to makerthrive.com,,,,2026-05-22T08:50:58.276Z
17,P0,187,395,verify_submit_form_then_approve_or_reject,medium_confidence_requires_human_confirmation,high_priority_manual,Decide whether this is assisted/manual-strategic; do not automate without explicit login/session plan and persisted selectors.,https://nocodelist.co/submit,nocodelist.co,nocodelist.co,unknown,unknown,missing_domain,review_submit_url,2,,,directory-submissions-external-links.csv; directory-submissions-external-links.md,q100-001,q100-001-evidence.csv,q100-001-suggestions.csv,200,yes,https://nocodelist.co/submit,0,0,yes,no,no,no,yes,no,no,reject_auth_required,reject_auth_required,medium,,reject_for_automation_unless_human_assisted_flow_is_explicitly_planned,CAPTCHA or Cloudflare/human-verification signal found; evidence: CAPTCHA signal found; URL path looks like a submission endpoint,,,,2026-05-22T08:51:01.234Z
18,P0,187,550,verify_submit_form_then_approve_or_reject,fetch_failed_cannot_decide,high_priority_manual,"Retry in browser; do not reject based only on fetch failure, timeout, 403, 429, CAPTCHA, or Cloudflare.",https://www.wearenocode.com/submit,wearenocode.com,wearenocode.com,unknown,unknown,missing_domain,review_submit_url,2,,,directory-submissions-external-links.csv; directory-submissions-external-links.md,q100-001,q100-001-evidence.csv,q100-001-suggestions.csv,,no,,0,0,yes,unknown,unknown,unknown,unknown,unknown,unknown,review_fetch_failed,needs_manual_check,low,,manual_browser_check_required_before_decision,This operation was aborted; evidence: URL path looks like a submission endpoint; This operation was aborted,,,,2026-05-22T08:51:02.652Z
19,P0,176,55,verify_submit_form_then_approve_or_reject,fetch_failed_cannot_decide,high_priority_manual,"Retry in browser; do not reject based only on fetch failure, timeout, 403, 429, CAPTCHA, or Cloudflare.",https://a.example/submit,a.example,a.example,unknown,unknown,missing_domain,review_submit_url,1,,,repo-external-links.csv,q100-001,q100-001-evidence.csv,q100-001-suggestions.csv,,no,,0,0,yes,unknown,unknown,unknown,unknown,unknown,unknown,review_fetch_failed,needs_manual_check,low,,manual_browser_check_required_before_decision,fetch failed; evidence: URL path looks like a submission endpoint; fetch failed,,,,2026-05-22T08:51:12.659Z
20,P0,176,90,verify_submit_form_then_approve_or_reject,fetch_failed_cannot_decide,high_priority_manual,"Retry in browser; do not reject based only on fetch failure, timeout, 403, 429, CAPTCHA, or Cloudflare.",https://any-directory.com/submit,any-directory.com,any-directory.com,unknown,unknown,missing_domain,review_submit_url,1,,,repo-external-links.csv,q100-001,q100-001-evidence.csv,q100-001-suggestions.csv,,no,,0,0,yes,unknown,unknown,unknown,unknown,unknown,unknown,review_fetch_failed,needs_manual_check,low,,manual_browser_check_required_before_decision,fetch failed; evidence: URL path looks like a submission endpoint; fetch failed,,,,2026-05-22T08:51:12.920Z
21,P0,176,92,verify_submit_form_then_approve_or_reject,medium_confidence_requires_human_confirmation,high_priority_manual,Decide whether this is assisted/manual-strategic; do not automate without explicit login/session plan and persisted selectors.,https://any-site.com/submit,any-site.com,any-site.com,unknown,unknown,missing_domain,review_submit_url,1,,,repo-external-links.csv,q100-001,q100-001-evidence.csv,q100-001-suggestions.csv,200,yes,https://www.any-site.com/submit,0,0,yes,no,no,no,yes,yes,no,reject_auth_required,reject_auth_required,medium,,reject_for_automation_unless_human_assisted_flow_is_explicitly_planned,CAPTCHA or Cloudflare/human-verification signal found; evidence: CAPTCHA signal found; Cloudflare/human verification signal found; submit/add/list/publish button text signal found; URL path looks like a submission endpoint,,,,2026-05-22T08:51:13.306Z
22,P0,176,104,verify_submit_form_then_approve_or_reject,fetch_failed_cannot_decide,high_priority_manual,"Retry in browser; do not reject based only on fetch failure, timeout, 403, 429, CAPTCHA, or Cloudflare.",https://b.example/submit,b.example,b.example,unknown,unknown,missing_domain,review_submit_url,1,,,repo-external-links.csv,q100-001,q100-001-evidence.csv,q100-001-suggestions.csv,,no,,0,0,yes,unknown,unknown,unknown,unknown,unknown,unknown,review_fetch_failed,needs_manual_check,low,,manual_browser_check_required_before_decision,fetch failed; evidence: URL path looks like a submission endpoint; fetch failed,,,,2026-05-22T08:51:17.463Z
23,P0,176,171,verify_submit_form_then_approve_or_reject,fetch_failed_cannot_decide,high_priority_manual,"Retry in browser; do not reject based only on fetch failure, timeout, 403, 429, CAPTCHA, or Cloudflare.",https://c.example/submit,c.example,c.example,unknown,unknown,missing_domain,review_submit_url,1,,,repo-external-links.csv,q100-001,q100-001-evidence.csv,q100-001-suggestions.csv,,no,,0,0,yes,unknown,unknown,unknown,unknown,unknown,unknown,review_fetch_failed,needs_manual_check,low,,manual_browser_check_required_before_decision,fetch failed; evidence: URL path looks like a submission endpoint; fetch failed,,,,2026-05-22T08:51:17.796Z
24,P0,176,204,verify_submit_form_then_approve_or_reject,fetch_failed_cannot_decide,high_priority_manual,"Retry in browser; do not reject based only on fetch failure, timeout, 403, 429, CAPTCHA, or Cloudflare.",https://custom.example/submit,custom.example,custom.example,unknown,unknown,missing_domain,review_submit_url,1,,,repo-external-links.csv,q100-001,q100-001-evidence.csv,q100-001-suggestions.csv,,no,,0,0,yes,unknown,unknown,unknown,unknown,unknown,unknown,review_fetch_failed,needs_manual_check,low,,manual_browser_check_required_before_decision,fetch failed; evidence: URL path looks like a submission endpoint; fetch failed,,,,2026-05-22T08:51:18.031Z
25,P0,176,206,verify_submit_form_then_approve_or_reject,fetch_failed_cannot_decide,high_priority_manual,"Retry in browser; do not reject based only on fetch failure, timeout, 403, 429, CAPTCHA, or Cloudflare.",https://d.example/submit,d.example,d.example,unknown,unknown,missing_domain,review_submit_url,1,,,repo-external-links.csv,q100-001,q100-001-evidence.csv,q100-001-suggestions.csv,,no,,0,0,yes,unknown,unknown,unknown,unknown,unknown,unknown,review_fetch_failed,needs_manual_check,low,,manual_browser_check_required_before_decision,fetch failed; evidence: URL path looks like a submission endpoint; fetch failed,,,,2026-05-22T08:51:18.271Z
26,P0,176,221,verify_submit_form_then_approve_or_reject,fetch_failed_cannot_decide,high_priority_manual,"Retry in browser; do not reject based only on fetch failure, timeout, 403, 429, CAPTCHA, or Cloudflare.",https://e.example/submit,e.example,e.example,unknown,unknown,missing_domain,review_submit_url,1,,,repo-external-links.csv,q100-001,q100-001-evidence.csv,q100-001-suggestions.csv,,no,,0,0,yes,unknown,unknown,unknown,unknown,unknown,unknown,review_fetch_failed,needs_manual_check,low,,manual_browser_check_required_before_decision,fetch failed; evidence: URL path looks like a submission endpoint; fetch failed,,,,2026-05-22T08:51:18.517Z
27,P0,176,385,verify_submit_form_then_approve_or_reject,manual_submit_form_confirmation_required,high_priority_manual,Open manually and record approve/reject decision with notes; approval must remain non-executable until scout evidence exists.,https://new-site.com/submit,new-site.com,new-site.com,unknown,unknown,missing_domain,review_submit_url,1,,,repo-external-links.csv,q100-001,q100-001-evidence.csv,q100-001-suggestions.csv,200,yes,https://new-site.com/submit,0,0,yes,no,no,no,no,no,no,review_manually,needs_manual_check,low,,manual_confirm_submit_form_and_blockers,submit URL/button signal found but evidence is incomplete; evidence: URL path looks like a submission endpoint,,,,2026-05-22T08:51:18.737Z
28,P0,176,489,verify_submit_form_then_approve_or_reject,fetch_failed_cannot_decide,high_priority_manual,"Retry in browser; do not reject based only on fetch failure, timeout, 403, 429, CAPTCHA, or Cloudflare.",https://some-directory.com/submit,some-directory.com,some-directory.com,unknown,unknown,missing_domain,review_submit_url,1,,,repo-external-links.csv,q100-001,q100-001-evidence.csv,q100-001-suggestions.csv,,no,,0,0,yes,unknown,unknown,unknown,unknown,unknown,unknown,review_fetch_failed,needs_manual_check,low,,manual_browser_check_required_before_decision,fetch failed; evidence: URL path looks like a submission endpoint; fetch failed,,,,2026-05-22T08:51:19.825Z
29,P2,37,3,verify_directory_fit_before_any_approval,medium_confidence_requires_human_confirmation,fit_risk,Decide whether this is assisted/manual-strategic; do not automate without explicit login/session plan and persisted selectors.,https://www.2findlocal.com/,2findlocal.com,2findlocal.com,unknown,unknown,missing_domain,needs_manual_review,2,,,directory-submissions-external-links.csv; directory-submissions-external-links.md,q100-001,q100-001-evidence.csv,q100-001-suggestions.csv,200,yes,https://www.2findlocal.com/,1,6,no,yes,no,no,yes,no,yes,reject_paid,reject_auth_required,medium,,reject_for_automation_unless_human_assisted_flow_is_explicitly_planned,"CAPTCHA or Cloudflare/human-verification signal found; evidence: payment/pricing signal found; CAPTCHA signal found; 1 form(s), 6 input/select/textarea fields; submit/add/list/publish button text signal found; directory/listing marketplace text signal found",,,,2026-05-22T08:51:21.507Z
30,P2,37,4,verify_directory_fit_before_any_approval,fetch_failed_cannot_decide,unknown_manual_risk,"Retry in browser; do not reject based only on fetch failure, timeout, 403, 429, CAPTCHA, or Cloudflare.",https://www.4shared.com/,4shared.com,4shared.com,unknown,unknown,missing_domain,needs_manual_review,2,,,directory-submissions-external-links.csv; directory-submissions-external-links.md,q100-001,q100-001-evidence.csv,q100-001-suggestions.csv,,no,,0,0,no,unknown,unknown,unknown,unknown,unknown,unknown,review_fetch_failed,needs_manual_check,low,,manual_browser_check_required_before_decision,This operation was aborted; evidence: This operation was aborted,,,,2026-05-22T08:51:22.960Z
31,P2,37,5,verify_directory_fit_before_any_approval,fetch_failed_cannot_decide,unknown_manual_risk,"Retry in browser; do not reject based only on fetch failure, timeout, 403, 429, CAPTCHA, or Cloudflare.",https://500px.com/,500px.com,500px.com,unknown,unknown,missing_domain,needs_manual_review,2,,,directory-submissions-external-links.csv; directory-submissions-external-links.md,q100-001,q100-001-evidence.csv,q100-001-suggestions.csv,,no,,0,0,no,unknown,unknown,unknown,unknown,unknown,unknown,review_fetch_failed,needs_manual_check,low,,manual_browser_check_required_before_decision,fetch failed; evidence: fetch failed,,,,2026-05-22T08:51:32.963Z
32,P2,37,56,verify_directory_fit_before_any_approval,fetch_failed_cannot_decide,unknown_manual_risk,"Retry in browser; do not reject based only on fetch failure, timeout, 403, 429, CAPTCHA, or Cloudflare.",https://about.me/,about.me,about.me,unknown,unknown,missing_domain,needs_manual_review,2,,,directory-submissions-external-links.csv; directory-submissions-external-links.md,q100-001,q100-001-evidence.csv,q100-001-suggestions.csv,,no,,0,0,no,unknown,unknown,unknown,unknown,unknown,unknown,review_fetch_failed,needs_manual_check,low,,manual_browser_check_required_before_decision,This operation was aborted; evidence: This operation was aborted,,,,2026-05-22T08:51:33.352Z
33,P2,37,59,verify_directory_fit_before_any_approval,fetch_failed_cannot_decide,unknown_manual_risk,"Retry in browser; do not reject based only on fetch failure, timeout, 403, 429, CAPTCHA, or Cloudflare.",https://activerain.com/,activerain.com,activerain.com,unknown,unknown,missing_domain,needs_manual_review,2,,,directory-submissions-external-links.csv; directory-submissions-external-links.md,q100-001,q100-001-evidence.csv,q100-001-suggestions.csv,403,no,https://activerain.com/,0,0,no,no,no,no,no,no,no,review_fetch_failed,needs_manual_check,low,,manual_browser_check_required_before_decision,HTTP 403; evidence: HTTP 403,,,,2026-05-22T08:51:43.354Z
34,P2,37,71,verify_directory_fit_before_any_approval,medium_confidence_requires_human_confirmation,fit_risk,Decide whether this is assisted/manual-strategic; do not automate without explicit login/session plan and persisted selectors.,https://aiforme.wiki/,aiforme.wiki,aiforme.wiki,unknown,unknown,missing_domain,needs_manual_review,2,,,directory-submissions-external-links.csv; directory-submissions-external-links.md,q100-001,q100-001-evidence.csv,q100-001-suggestions.csv,200,yes,https://aiforme.wiki/cgi-sys/suspendedpage.cgi,0,0,no,no,no,no,no,yes,no,reject_auth_required,reject_auth_required,medium,,reject_for_automation_unless_human_assisted_flow_is_explicitly_planned,CAPTCHA or Cloudflare/human-verification signal found; evidence: Cloudflare/human verification signal found,,,,2026-05-22T08:51:44.467Z
35,P2,37,73,verify_directory_fit_before_any_approval,safety_gate_blocked_auto_rejection,high_manual_risk,"Open in a normal browser, verify directory fit and submit path, then edit review decision manually only if evidence is clear.",https://ainavhub.com/,ainavhub.com,ainavhub.com,unknown,unknown,missing_domain,needs_manual_review,2,,,directory-submissions-external-links.csv; directory-submissions-external-links.md,q100-001,q100-001-evidence.csv,q100-001-suggestions.csv,200,yes,https://ainavhub.com/,2,3,no,yes,yes,no,yes,no,no,reject_auth_required,reject_auth_required,high,,reject_or_route_to_assisted_manual_flow,"login/register or OAuth signal found; evidence: login/register signal found; CAPTCHA signal found; 2 form(s), 3 input/select/textarea fields; submit/add/list/publish button text signal found; directory/listing marketplace text signal found",suggested_decision_not_allowed_for_batch_row,q100-001,q100-001-draft-report.json,2026-05-22T08:51:47.693Z
36,P2,37,77,verify_directory_fit_before_any_approval,safety_gate_blocked_auto_rejection,high_manual_risk,"Open in a normal browser, verify directory fit and submit path, then edit review decision manually only if evidence is clear.",https://aitoolly.com/,aitoolly.com,aitoolly.com,unknown,unknown,missing_domain,needs_manual_review,2,,,directory-submissions-external-links.csv; directory-submissions-external-links.md,q100-001,q100-001-evidence.csv,q100-001-suggestions.csv,200,yes,https://aitoolly.com/,1,1,no,yes,yes,no,yes,yes,yes,reject_paid,reject_auth_required,high,,reject_or_route_to_assisted_manual_flow,"login/register or OAuth signal found; evidence: payment/pricing signal found; login/register signal found; CAPTCHA signal found; Cloudflare/human verification signal found; 1 form(s), 1 input/select/textarea fields; submit/add/list/publish button text signal found; directory/listing marketplace text signal found",suggested_decision_not_allowed_for_batch_row,q100-001,q100-001-draft-report.json,2026-05-22T08:51:49.861Z
37,P2,37,80,verify_directory_fit_before_any_approval,medium_confidence_requires_human_confirmation,fit_risk,Decide whether this is assisted/manual-strategic; do not automate without explicit login/session plan and persisted selectors.,https://aitoolsguide.com/,aitoolsguide.com,aitoolsguide.com,unknown,unknown,missing_domain,needs_manual_review,2,,,directory-submissions-external-links.csv; directory-submissions-external-links.md,q100-001,q100-001-evidence.csv,q100-001-suggestions.csv,200,yes,https://aitoolsguide.com/,1,2,no,yes,no,no,no,yes,yes,reject_paid,reject_auth_required,medium,,reject_for_automation_unless_human_assisted_flow_is_explicitly_planned,"CAPTCHA or Cloudflare/human-verification signal found; evidence: payment/pricing signal found; Cloudflare/human verification signal found; 1 form(s), 2 input/select/textarea fields; submit/add/list/publish button text signal found; directory/listing marketplace text signal found",,,,2026-05-22T08:51:54.153Z
38,P2,37,83,verify_directory_fit_before_any_approval,safety_gate_blocked_auto_rejection,high_manual_risk,"Open in a normal browser, verify directory fit and submit path, then edit review decision manually only if evidence is clear.",https://alltheaitools.com/,alltheaitools.com,alltheaitools.com,unknown,unknown,missing_domain,needs_manual_review,2,,,directory-submissions-external-links.csv; directory-submissions-external-links.md,q100-001,q100-001-evidence.csv,q100-001-suggestions.csv,200,yes,https://alltheaitools.com/,2,2,no,yes,yes,no,yes,yes,yes,reject_paid,reject_auth_required,high,,reject_or_route_to_assisted_manual_flow,"login/register or OAuth signal found; evidence: payment/pricing signal found; login/register signal found; CAPTCHA signal found; Cloudflare/human verification signal found; 2 form(s), 2 input/select/textarea fields; submit/add/list/publish button text signal found; directory/listing marketplace text signal found",suggested_decision_not_allowed_for_batch_row,q100-001,q100-001-draft-report.json,2026-05-22T08:51:57.089Z
39,P2,37,84,verify_directory_fit_before_any_approval,safety_gate_blocked_auto_rejection,high_manual_risk,"Open in a normal browser, verify directory fit and submit path, then edit review decision manually only if evidence is clear.",https://alltop.com/,alltop.com,alltop.com,unknown,unknown,missing_domain,needs_manual_review,2,,,directory-submissions-external-links.csv; directory-submissions-external-links.md,q100-001,q100-001-evidence.csv,q100-001-suggestions.csv,200,yes,https://www.alltop.com/,0,0,no,no,yes,no,yes,yes,yes,reject_paid,reject_auth_required,high,,reject_or_route_to_assisted_manual_flow,login/register or OAuth signal found; evidence: payment/pricing signal found; login/register signal found; CAPTCHA signal found; Cloudflare/human verification signal found,suggested_decision_not_allowed_for_batch_row,q100-001,q100-001-draft-report.json,2026-05-22T08:51:58.765Z
40,P2,37,85,verify_directory_fit_before_any_approval,safety_gate_blocked_auto_rejection,high_manual_risk,"Open in a normal browser, verify directory fit and submit path, then edit review decision manually only if evidence is clear.",https://alphadigits.com/,alphadigits.com,alphadigits.com,unknown,unknown,missing_domain,needs_manual_review,2,,,directory-submissions-external-links.csv; directory-submissions-external-links.md,q100-001,q100-001-evidence.csv,q100-001-suggestions.csv,200,yes,https://alphadigits.com/,1,3,no,yes,yes,no,yes,no,no,reject_auth_required,reject_auth_required,high,,reject_or_route_to_assisted_manual_flow,"login/register or OAuth signal found; evidence: login/register signal found; CAPTCHA signal found; 1 form(s), 3 input/select/textarea fields; submit/add/list/publish button text signal found; directory/listing marketplace text signal found",suggested_decision_not_allowed_for_batch_row,q100-001,q100-001-draft-report.json,2026-05-22T08:52:03.280Z
41,P2,37,94,verify_directory_fit_before_any_approval,safety_gate_blocked_auto_rejection,high_manual_risk,"Open in a normal browser, verify directory fit and submit path, then edit review decision manually only if evidence is clear.",https://api.slack.com/apps,api.slack.com,api.slack.com,unknown,unknown,missing_domain,needs_manual_review,2,,,directory-submissions-external-links.csv; directory-submissions-external-links.md,q100-001,q100-001-evidence.csv,q100-001-suggestions.csv,200,yes,https://api.slack.com/apps,0,0,no,yes,yes,no,yes,no,yes,reject_paid,reject_auth_required,high,,reject_or_route_to_assisted_manual_flow,login/register or OAuth signal found; evidence: payment/pricing signal found; login/register signal found; CAPTCHA signal found; directory/listing marketplace text signal found,suggested_decision_not_allowed_for_batch_row,q100-001,q100-001-draft-report.json,2026-05-22T08:52:07.223Z
42,P2,37,95,verify_directory_fit_before_any_approval,fetch_failed_cannot_decide,unknown_manual_risk,"Retry in browser; do not reject based only on fetch failure, timeout, 403, 429, CAPTCHA, or Cloudflare.",https://apitracker.io/mcp-servers,apitracker.io,apitracker.io,unknown,unknown,missing_domain,needs_manual_review,2,,,directory-submissions-external-links.csv; directory-submissions-external-links.md,q100-001,q100-001-evidence.csv,q100-001-suggestions.csv,403,no,https://apitracker.io/mcp-servers,0,0,no,no,no,no,no,no,no,review_fetch_failed,needs_manual_check,low,,manual_browser_check_required_before_decision,HTTP 403; evidence: HTTP 403,,,,2026-05-22T08:52:08.205Z
43,P2,37,96,verify_directory_fit_before_any_approval,safety_gate_blocked_auto_rejection,high_manual_risk,"Open in a normal browser, verify directory fit and submit path, then edit review decision manually only if evidence is clear.",https://www.apsense.com/,apsense.com,apsense.com,unknown,unknown,missing_domain,needs_manual_review,2,,,directory-submissions-external-links.csv; directory-submissions-external-links.md,q100-001,q100-001-evidence.csv,q100-001-suggestions.csv,200,yes,https://www.apsense.com/,1,4,no,yes,yes,no,no,no,yes,reject_paid,reject_auth_required,high,,reject_or_route_to_assisted_manual_flow,"login/register or OAuth signal found; evidence: payment/pricing signal found; login/register signal found; 1 form(s), 4 input/select/textarea fields; submit/add/list/publish button text signal found; directory/listing marketplace text signal found",suggested_decision_not_allowed_for_batch_row,q100-001,q100-001-draft-report.json,2026-05-22T08:52:08.796Z
44,P2,37,99,verify_directory_fit_before_any_approval,safety_gate_blocked_auto_rejection,high_manual_risk,"Open in a normal browser, verify directory fit and submit path, then edit review decision manually only if evidence is clear.",https://www.articlesbase.com/,articlesbase.com,articlesbase.com,unknown,unknown,missing_domain,needs_manual_review,2,,,directory-submissions-external-links.csv; directory-submissions-external-links.md,q100-001,q100-001-evidence.csv,q100-001-suggestions.csv,200,yes,https://articlesbase.com/,5,15,no,yes,yes,no,yes,yes,yes,reject_paid,reject_auth_required,high,,reject_or_route_to_assisted_manual_flow,"login/register or OAuth signal found; evidence: payment/pricing signal found; login/register signal found; CAPTCHA signal found; Cloudflare/human verification signal found; 5 form(s), 15 input/select/textarea fields; submit/add/list/publish button text signal found; directory/listing marketplace text signal found",suggested_decision_not_allowed_for_batch_row,q100-001,q100-001-draft-report.json,2026-05-22T08:52:10.260Z
45,P2,37,100,verify_directory_fit_before_any_approval,fetch_failed_cannot_decide,unknown_manual_risk,"Retry in browser; do not reject based only on fetch failure, timeout, 403, 429, CAPTCHA, or Cloudflare.",https://www.artstation.com/,artstation.com,artstation.com,unknown,unknown,missing_domain,needs_manual_review,2,,,directory-submissions-external-links.csv; directory-submissions-external-links.md,q100-001,q100-001-evidence.csv,q100-001-suggestions.csv,,no,,0,0,no,unknown,unknown,unknown,unknown,unknown,unknown,review_fetch_failed,needs_manual_check,low,,manual_browser_check_required_before_decision,This operation was aborted; evidence: This operation was aborted,,,,2026-05-22T08:52:12.582Z
46,P2,37,101,verify_directory_fit_before_any_approval,medium_confidence_requires_human_confirmation,fit_risk,Decide whether this is assisted/manual-strategic; do not automate without explicit login/session plan and persisted selectors.,https://www.athlinks.com/,athlinks.com,athlinks.com,unknown,unknown,missing_domain,needs_manual_review,2,,,directory-submissions-external-links.csv; directory-submissions-external-links.md,q100-001,q100-001-evidence.csv,q100-001-suggestions.csv,200,yes,https://www.athlinks.com/,0,0,no,no,no,no,yes,yes,no,reject_auth_required,reject_auth_required,medium,,reject_for_automation_unless_human_assisted_flow_is_explicitly_planned,CAPTCHA or Cloudflare/human-verification signal found; evidence: CAPTCHA signal found; Cloudflare/human verification signal found,,,,2026-05-22T08:52:22.594Z
47,P2,37,105,verify_directory_fit_before_any_approval,safety_gate_blocked_auto_rejection,high_manual_risk,"Open in a normal browser, verify directory fit and submit path, then edit review decision manually only if evidence is clear.",https://bai.tools/,bai.tools,bai.tools,unknown,unknown,missing_domain,needs_manual_review,2,,,directory-submissions-external-links.csv; directory-submissions-external-links.md,q100-001,q100-001-evidence.csv,q100-001-suggestions.csv,200,yes,https://bai.tools/,1,2,no,yes,yes,no,yes,yes,yes,reject_paid,reject_auth_required,high,,reject_or_route_to_assisted_manual_flow,"login/register or OAuth signal found; evidence: payment/pricing signal found; login/register signal found; CAPTCHA signal found; Cloudflare/human verification signal found; 1 form(s), 2 input/select/textarea fields; submit/add/list/publish button text signal found; directory/listing marketplace text signal found",suggested_decision_not_allowed_for_batch_row,q100-001,q100-001-draft-report.json,2026-05-22T08:52:24.840Z
48,P2,37,111,verify_directory_fit_before_any_approval,fetch_failed_cannot_decide,unknown_manual_risk,"Retry in browser; do not reject based only on fetch failure, timeout, 403, 429, CAPTCHA, or Cloudflare.",https://bandcamp.com/,bandcamp.com,bandcamp.com,unknown,unknown,missing_domain,needs_manual_review,2,,,directory-submissions-external-links.csv; directory-submissions-external-links.md,q100-001,q100-001-evidence.csv,q100-001-suggestions.csv,,no,,0,0,no,unknown,unknown,unknown,unknown,unknown,unknown,review_fetch_failed,needs_manual_check,low,,manual_browser_check_required_before_decision,fetch failed; evidence: fetch failed,,,,2026-05-22T08:52:26.419Z
49,P2,37,114,verify_directory_fit_before_any_approval,fetch_failed_cannot_decide,unknown_manual_risk,"Retry in browser; do not reject based only on fetch failure, timeout, 403, 429, CAPTCHA, or Cloudflare.",https://www.behance.net/,behance.net,behance.net,unknown,unknown,missing_domain,needs_manual_review,2,,,directory-submissions-external-links.csv; directory-submissions-external-links.md,q100-001,q100-001-evidence.csv,q100-001-suggestions.csv,,no,,0,0,no,unknown,unknown,unknown,unknown,unknown,unknown,review_fetch_failed,needs_manual_check,low,,manual_browser_check_required_before_decision,This operation was aborted; evidence: This operation was aborted,,,,2026-05-22T08:52:27.092Z
50,P2,37,116,verify_directory_fit_before_any_approval,safety_gate_blocked_auto_rejection,high_manual_risk,"Open in a normal browser, verify directory fit and submit path, then edit review decision manually only if evidence is clear.",https://betabound.com/,betabound.com,betabound.com,unknown,unknown,missing_domain,needs_manual_review,2,,,directory-submissions-external-links.csv; directory-submissions-external-links.md,q100-001,q100-001-evidence.csv,q100-001-suggestions.csv,200,yes,https://betabound.com/,2,22,no,yes,yes,no,yes,no,no,reject_auth_required,reject_auth_required,high,,reject_or_route_to_assisted_manual_flow,"login/register or OAuth signal found; evidence: login/register signal found; CAPTCHA signal found; 2 form(s), 22 input/select/textarea fields; submit/add/list/publish button text signal found; directory/listing marketplace text signal found",suggested_decision_not_allowed_for_batch_row,q100-001,q100-001-draft-report.json,2026-05-22T08:52:37.105Z
51,P2,37,124,verify_directory_fit_before_any_approval,safety_gate_blocked_auto_rejection,high_manual_risk,"Open in a normal browser, verify directory fit and submit path, then edit review decision manually only if evidence is clear.",https://bitbucket.org/,bitbucket.org,bitbucket.org,unknown,unknown,missing_domain,needs_manual_review,2,,,directory-submissions-external-links.csv; directory-submissions-external-links.md,q100-001,q100-001-evidence.csv,q100-001-suggestions.csv,200,yes,https://bitbucket.org/,2,5,no,yes,yes,no,no,no,yes,reject_paid,reject_auth_required,high,,reject_or_route_to_assisted_manual_flow,"login/register or OAuth signal found; evidence: payment/pricing signal found; login/register signal found; 2 form(s), 5 input/select/textarea fields; submit/add/list/publish button text signal found; directory/listing marketplace text signal found",suggested_decision_not_allowed_for_batch_row,q100-001,q100-001-draft-report.json,2026-05-22T08:52:38.710Z
52,P2,37,125,verify_directory_fit_before_any_approval,safety_gate_blocked_auto_rejection,high_manual_risk,"Open in a normal browser, verify directory fit and submit path, then edit review decision manually only if evidence is clear.",https://www.bizcommunity.com/,bizcommunity.com,bizcommunity.com,unknown,unknown,missing_domain,needs_manual_review,2,,,directory-submissions-external-links.csv; directory-submissions-external-links.md,q100-001,q100-001-evidence.csv,q100-001-suggestions.csv,403,no,https://www.bizcommunity.com/,0,0,no,no,no,no,yes,yes,no,review_fetch_failed,reject_auth_required,high,,reject_for_automation_unless_human_assisted_flow_is_explicitly_planned,CAPTCHA or Cloudflare/human-verification signal found; evidence: CAPTCHA signal found; Cloudflare/human verification signal found; HTTP 403,suggested_decision_not_allowed_for_batch_row,q100-001,q100-001-draft-report.json,2026-05-22T08:52:42.984Z
53,P2,37,126,verify_directory_fit_before_any_approval,medium_confidence_requires_human_confirmation,fit_risk,Decide whether this is assisted/manual-strategic; do not automate without explicit login/session plan and persisted selectors.,https://www.bizsugar.com/,bizsugar.com,bizsugar.com,unknown,unknown,missing_domain,needs_manual_review,2,,,directory-submissions-external-links.csv; directory-submissions-external-links.md,q100-001,q100-001-evidence.csv,q100-001-suggestions.csv,200,yes,https://bizsugar.com/,3,3,no,yes,no,no,yes,no,yes,reject_paid,reject_auth_required,medium,,reject_for_automation_unless_human_assisted_flow_is_explicitly_planned,"CAPTCHA or Cloudflare/human-verification signal found; evidence: payment/pricing signal found; CAPTCHA signal found; 3 form(s), 3 input/select/textarea fields; submit/add/list/publish button text signal found; directory/listing marketplace text signal found",,,,2026-05-22T08:52:44.618Z
54,P2,37,127,verify_directory_fit_before_any_approval,safety_gate_blocked_auto_rejection,high_manual_risk,"Open in a normal browser, verify directory fit and submit path, then edit review decision manually only if evidence is clear.",https://www.blackhatworld.com/,blackhatworld.com,blackhatworld.com,unknown,unknown,missing_domain,needs_manual_review,2,,,directory-submissions-external-links.csv; directory-submissions-external-links.md,q100-001,q100-001-evidence.csv,q100-001-suggestions.csv,403,no,https://www.blackhatworld.com/,0,0,no,no,no,no,yes,yes,no,review_fetch_failed,reject_auth_required,high,,reject_for_automation_unless_human_assisted_flow_is_explicitly_planned,CAPTCHA or Cloudflare/human-verification signal found; evidence: CAPTCHA signal found; Cloudflare/human verification signal found; HTTP 403,suggested_decision_not_allowed_for_batch_row,q100-001,q100-001-draft-report.json,2026-05-22T08:52:49.475Z
55,P2,37,142,verify_directory_fit_before_any_approval,fetch_failed_cannot_decide,unknown_manual_risk,"Retry in browser; do not reject based only on fetch failure, timeout, 403, 429, CAPTCHA, or Cloudflare.",https://www.blogarama.com/,blogarama.com,blogarama.com,unknown,unknown,missing_domain,needs_manual_review,2,,,directory-submissions-external-links.csv; directory-submissions-external-links.md,q100-001,q100-001-evidence.csv,q100-001-suggestions.csv,,no,,0,0,no,unknown,unknown,unknown,unknown,unknown,unknown,review_fetch_failed,needs_manual_check,low,,manual_browser_check_required_before_decision,This operation was aborted; evidence: This operation was aborted,,,,2026-05-22T08:52:51.500Z
56,P2,37,143,verify_directory_fit_before_any_approval,safety_gate_blocked_auto_rejection,high_manual_risk,"Open in a normal browser, verify directory fit and submit path, then edit review decision manually only if evidence is clear.",https://www.blogengage.com/,blogengage.com,blogengage.com,unknown,unknown,missing_domain,needs_manual_review,2,,,directory-submissions-external-links.csv; directory-submissions-external-links.md,q100-001,q100-001-evidence.csv,q100-001-suggestions.csv,403,no,https://www.blogengage.com/,0,0,no,no,no,no,yes,yes,no,review_fetch_failed,reject_auth_required,high,,reject_for_automation_unless_human_assisted_flow_is_explicitly_planned,CAPTCHA or Cloudflare/human-verification signal found; evidence: CAPTCHA signal found; Cloudflare/human verification signal found; HTTP 403,suggested_decision_not_allowed_for_batch_row,q100-001,q100-001-draft-report.json,2026-05-22T08:53:01.506Z
57,P2,37,146,verify_directory_fit_before_any_approval,fetch_failed_cannot_decide,unknown_manual_risk,"Retry in browser; do not reject based only on fetch failure, timeout, 403, 429, CAPTCHA, or Cloudflare.",https://www.blogger.com/,blogger.com,blogger.com,unknown,unknown,missing_domain,needs_manual_review,2,,,directory-submissions-external-links.csv; directory-submissions-external-links.md,q100-001,q100-001-evidence.csv,q100-001-suggestions.csv,,no,,0,0,no,unknown,unknown,unknown,unknown,unknown,unknown,review_fetch_failed,needs_manual_check,low,,manual_browser_check_required_before_decision,This operation was aborted; evidence: This operation was aborted,,,,2026-05-22T08:53:03.220Z
58,P2,37,162,verify_directory_fit_before_any_approval,safety_gate_blocked_auto_rejection,high_manual_risk,"Open in a normal browser, verify directory fit and submit path, then edit review decision manually only if evidence is clear.",https://www.brownbook.net/,brownbook.net,brownbook.net,unknown,unknown,missing_domain,needs_manual_review,2,,,directory-submissions-external-links.csv; directory-submissions-external-links.md,q100-001,q100-001-evidence.csv,q100-001-suggestions.csv,403,no,https://www.brownbook.net/,0,0,no,no,no,no,yes,yes,no,review_fetch_failed,reject_auth_required,high,,reject_for_automation_unless_human_assisted_flow_is_explicitly_planned,CAPTCHA or Cloudflare/human-verification signal found; evidence: CAPTCHA signal found; Cloudflare/human verification signal found; HTTP 403,suggested_decision_not_allowed_for_batch_row,q100-001,q100-001-draft-report.json,2026-05-22T08:53:13.223Z
59,P2,37,165,verify_directory_fit_before_any_approval,safety_gate_blocked_auto_rejection,high_manual_risk,"Open in a normal browser, verify directory fit and submit path, then edit review decision manually only if evidence is clear.",https://buildvoyage.com/,buildvoyage.com,buildvoyage.com,unknown,unknown,missing_domain,needs_manual_review,2,,,directory-submissions-external-links.csv; directory-submissions-external-links.md,q100-001,q100-001-evidence.csv,q100-001-suggestions.csv,200,yes,https://buildvoyage.com/,0,0,no,yes,yes,no,yes,yes,yes,reject_paid,reject_auth_required,high,,reject_or_route_to_assisted_manual_flow,login/register or OAuth signal found; evidence: payment/pricing signal found; login/register signal found; CAPTCHA signal found; Cloudflare/human verification signal found; submit/add/list/publish button text signal found; directory/listing marketplace text signal found,suggested_decision_not_allowed_for_batch_row,q100-001,q100-001-draft-report.json,2026-05-22T08:53:21.683Z
60,P2,37,166,verify_directory_fit_before_any_approval,safety_gate_blocked_auto_rejection,high_manual_risk,"Open in a normal browser, verify directory fit and submit path, then edit review decision manually only if evidence is clear.",https://www.buildzoom.com/,buildzoom.com,buildzoom.com,unknown,unknown,missing_domain,needs_manual_review,2,,,directory-submissions-external-links.csv; directory-submissions-external-links.md,q100-001,q100-001-evidence.csv,q100-001-suggestions.csv,403,no,https://www.buildzoom.com/,0,0,no,no,no,no,no,yes,no,review_fetch_failed,reject_auth_required,high,,reject_for_automation_unless_human_assisted_flow_is_explicitly_planned,CAPTCHA or Cloudflare/human-verification signal found; evidence: Cloudflare/human verification signal found; HTTP 403,suggested_decision_not_allowed_for_batch_row,q100-001,q100-001-draft-report.json,2026-05-22T08:53:24.480Z
61,P2,37,169,verify_directory_fit_before_any_approval,medium_confidence_requires_human_confirmation,fit_risk,Decide whether this is assisted/manual-strategic; do not automate without explicit login/session plan and persisted selectors.,https://businesshunt.co/,businesshunt.co,businesshunt.co,unknown,unknown,missing_domain,needs_manual_review,2,,,directory-submissions-external-links.csv; directory-submissions-external-links.md,q100-001,q100-001-evidence.csv,q100-001-suggestions.csv,200,yes,https://businesshunt.co/,0,0,no,no,no,no,yes,no,no,reject_auth_required,reject_auth_required,medium,,reject_for_automation_unless_human_assisted_flow_is_explicitly_planned,CAPTCHA or Cloudflare/human-verification signal found; evidence: CAPTCHA signal found,,,,2026-05-22T08:53:25.675Z
62,P2,37,170,verify_directory_fit_before_any_approval,safety_gate_blocked_auto_rejection,high_manual_risk,"Open in a normal browser, verify directory fit and submit path, then edit review decision manually only if evidence is clear.",https://www.buymeacoffee.com/,buymeacoffee.com,buymeacoffee.com,unknown,unknown,missing_domain,needs_manual_review,2,,,directory-submissions-external-links.csv; directory-submissions-external-links.md,q100-001,q100-001-evidence.csv,q100-001-suggestions.csv,200,yes,https://buymeacoffee.com/,0,0,no,yes,yes,no,no,no,yes,reject_paid,reject_auth_required,high,,reject_or_route_to_assisted_manual_flow,login/register or OAuth signal found; evidence: payment/pricing signal found; login/register signal found; submit/add/list/publish button text signal found; directory/listing marketplace text signal found,suggested_decision_not_allowed_for_batch_row,q100-001,q100-001-draft-report.json,2026-05-22T08:53:27.134Z
63,P2,37,172,verify_directory_fit_before_any_approval,medium_confidence_requires_human_confirmation,fit_risk,Decide whether this is assisted/manual-strategic; do not automate without explicit login/session plan and persisted selectors.,https://www.cabinetm.com/,cabinetm.com,cabinetm.com,unknown,unknown,missing_domain,needs_manual_review,2,,,directory-submissions-external-links.csv; directory-submissions-external-links.md,q100-001,q100-001-evidence.csv,q100-001-suggestions.csv,200,yes,https://cabinetmsd.my.canva.site/,0,0,no,no,no,no,yes,no,no,reject_auth_required,reject_auth_required,medium,,reject_for_automation_unless_human_assisted_flow_is_explicitly_planned,CAPTCHA or Cloudflare/human-verification signal found; evidence: CAPTCHA signal found; final domain changed to cabinetmsd.my.canva.site,,,,2026-05-22T08:53:29.668Z
64,P2,37,173,verify_directory_fit_before_any_approval,fetch_failed_cannot_decide,unknown_manual_risk,"Retry in browser; do not reject based only on fetch failure, timeout, 403, 429, CAPTCHA, or Cloudflare.",https://www.calameo.com/,calameo.com,calameo.com,unknown,unknown,missing_domain,needs_manual_review,2,,,directory-submissions-external-links.csv; directory-submissions-external-links.md,q100-001,q100-001-evidence.csv,q100-001-suggestions.csv,,no,,0,0,no,unknown,unknown,unknown,unknown,unknown,unknown,review_fetch_failed,needs_manual_check,low,,manual_browser_check_required_before_decision,This operation was aborted; evidence: This operation was aborted,,,,2026-05-22T08:53:32.180Z
65,P2,37,182,verify_directory_fit_before_any_approval,safety_gate_blocked_auto_rejection,high_manual_risk,"Open in a normal browser, verify directory fit and submit path, then edit review decision manually only if evidence is clear.",https://www.chamberofcommerce.com/,chamberofcommerce.com,chamberofcommerce.com,unknown,unknown,missing_domain,needs_manual_review,2,,,directory-submissions-external-links.csv; directory-submissions-external-links.md,q100-001,q100-001-evidence.csv,q100-001-suggestions.csv,200,yes,https://www.chamberofcommerce.com/,3,8,no,yes,yes,no,yes,yes,yes,reject_paid,reject_auth_required,high,,reject_or_route_to_assisted_manual_flow,"login/register or OAuth signal found; evidence: payment/pricing signal found; login/register signal found; CAPTCHA signal found; Cloudflare/human verification signal found; 3 form(s), 8 input/select/textarea fields; submit/add/list/publish button text signal found; directory/listing marketplace text signal found",suggested_decision_not_allowed_for_batch_row,q100-001,q100-001-draft-report.json,2026-05-22T08:53:42.188Z
66,P2,37,188,verify_directory_fit_before_any_approval,safety_gate_blocked_auto_rejection,high_manual_risk,"Open in a normal browser, verify directory fit and submit path, then edit review decision manually only if evidence is clear.",https://citysquares.com/,citysquares.com,citysquares.com,unknown,unknown,missing_domain,needs_manual_review,2,,,directory-submissions-external-links.csv; directory-submissions-external-links.md,q100-001,q100-001-evidence.csv,q100-001-suggestions.csv,200,yes,https://citysquares.com/,1,3,no,yes,yes,no,no,no,yes,reject_paid,reject_auth_required,high,,reject_or_route_to_assisted_manual_flow,"login/register or OAuth signal found; evidence: payment/pricing signal found; login/register signal found; 1 form(s), 3 input/select/textarea fields; submit/add/list/publish button text signal found; directory/listing marketplace text signal found",suggested_decision_not_allowed_for_batch_row,q100-001,q100-001-draft-report.json,2026-05-22T08:53:43.797Z
67,P2,37,191,verify_directory_fit_before_any_approval,safety_gate_blocked_auto_rejection,high_manual_risk,"Open in a normal browser, verify directory fit and submit path, then edit review decision manually only if evidence is clear.",https://codepen.io/,codepen.io,codepen.io,unknown,unknown,missing_domain,needs_manual_review,2,,,directory-submissions-external-links.csv; directory-submissions-external-links.md,q100-001,q100-001-evidence.csv,q100-001-suggestions.csv,403,no,https://codepen.io/,0,0,no,no,no,no,yes,yes,no,review_fetch_failed,reject_auth_required,high,,reject_for_automation_unless_human_assisted_flow_is_explicitly_planned,CAPTCHA or Cloudflare/human-verification signal found; evidence: CAPTCHA signal found; Cloudflare/human verification signal found; HTTP 403,suggested_decision_not_allowed_for_batch_row,q100-001,q100-001-draft-report.json,2026-05-22T08:53:45.635Z
68,P2,37,193,verify_directory_fit_before_any_approval,safety_gate_blocked_auto_rejection,high_manual_risk,"Open in a normal browser, verify directory fit and submit path, then edit review decision manually only if evidence is clear.",https://coldemailkit.com/,coldemailkit.com,coldemailkit.com,unknown,unknown,missing_domain,needs_manual_review,2,,,directory-submissions-external-links.csv; directory-submissions-external-links.md,q100-001,q100-001-evidence.csv,q100-001-suggestions.csv,200,yes,https://coldemailkit.com/,2,7,no,yes,yes,no,yes,yes,yes,reject_paid,reject_auth_required,high,,reject_or_route_to_assisted_manual_flow,"login/register or OAuth signal found; evidence: payment/pricing signal found; login/register signal found; CAPTCHA signal found; Cloudflare/human verification signal found; 2 form(s), 7 input/select/textarea fields; submit/add/list/publish button text signal found; directory/listing marketplace text signal found",suggested_decision_not_allowed_for_batch_row,q100-001,q100-001-draft-report.json,2026-05-22T08:53:46.390Z
69,P2,37,199,verify_directory_fit_before_any_approval,safety_gate_blocked_auto_rejection,high_manual_risk,"Open in a normal browser, verify directory fit and submit path, then edit review decision manually only if evidence is clear.",https://crevado.com/,crevado.com,crevado.com,unknown,unknown,missing_domain,needs_manual_review,2,,,directory-submissions-external-links.csv; directory-submissions-external-links.md,q100-001,q100-001-evidence.csv,q100-001-suggestions.csv,200,yes,https://crevado.com/,0,0,no,yes,yes,no,no,no,no,reject_auth_required,reject_auth_required,high,,reject_or_route_to_assisted_manual_flow,login/register or OAuth signal found; evidence: login/register signal found; directory/listing marketplace text signal found,suggested_decision_not_allowed_for_batch_row,q100-001,q100-001-draft-report.json,2026-05-22T08:53:47.855Z
70,P2,37,201,verify_directory_fit_before_any_approval,safety_gate_blocked_auto_rejection,high_manual_risk,"Open in a normal browser, verify directory fit and submit path, then edit review decision manually only if evidence is clear.",https://www.curated.design/,curated.design,curated.design,unknown,unknown,missing_domain,needs_manual_review,2,,,directory-submissions-external-links.csv; directory-submissions-external-links.md,q100-001,q100-001-evidence.csv,q100-001-suggestions.csv,200,yes,https://craftwork.design/curated/websites/,0,0,no,yes,yes,no,no,no,yes,reject_paid,reject_auth_required,high,,reject_or_route_to_assisted_manual_flow,login/register or OAuth signal found; evidence: payment/pricing signal found; login/register signal found; submit/add/list/publish button text signal found; directory/listing marketplace text signal found; final domain changed to craftwork.design,suggested_decision_not_allowed_for_batch_row,q100-001,q100-001-draft-report.json,2026-05-22T08:53:49.030Z
71,P2,37,202,verify_directory_fit_before_any_approval,medium_confidence_requires_human_confirmation,fit_risk,Decide whether this is assisted/manual-strategic; do not automate without explicit login/session plan and persisted selectors.,https://www.cuspera.com/,cuspera.com,cuspera.com,unknown,unknown,missing_domain,needs_manual_review,2,,,directory-submissions-external-links.csv; directory-submissions-external-links.md,q100-001,q100-001-evidence.csv,q100-001-suggestions.csv,200,yes,https://www.cuspera.com/,0,2,no,yes,no,no,yes,yes,no,reject_auth_required,reject_auth_required,medium,,reject_for_automation_unless_human_assisted_flow_is_explicitly_planned,CAPTCHA or Cloudflare/human-verification signal found; evidence: CAPTCHA signal found; Cloudflare/human verification signal found; submit/add/list/publish button text signal found; directory/listing marketplace text signal found,,,,2026-05-22T08:53:52.568Z
72,P2,37,205,verify_directory_fit_before_any_approval,safety_gate_blocked_auto_rejection,high_manual_risk,"Open in a normal browser, verify directory fit and submit path, then edit review decision manually only if evidence is clear.",https://www.cylex.us.com/,cylex.us.com,cylex.us.com,unknown,unknown,missing_domain,needs_manual_review,2,,,directory-submissions-external-links.csv; directory-submissions-external-links.md,q100-001,q100-001-evidence.csv,q100-001-suggestions.csv,403,no,https://www.cylex.us.com/,0,0,no,no,no,no,yes,yes,no,review_fetch_failed,reject_auth_required,high,,reject_for_automation_unless_human_assisted_flow_is_explicitly_planned,CAPTCHA or Cloudflare/human-verification signal found; evidence: CAPTCHA signal found; Cloudflare/human verification signal found; HTTP 403,suggested_decision_not_allowed_for_batch_row,q100-001,q100-001-draft-report.json,2026-05-22T08:53:53.403Z
73,P2,37,210,verify_directory_fit_before_any_approval,safety_gate_blocked_auto_rejection,high_manual_risk,"Open in a normal browser, verify directory fit and submit path, then edit review decision manually only if evidence is clear.",https://www.diigo.com/,diigo.com,diigo.com,unknown,unknown,missing_domain,needs_manual_review,2,,,directory-submissions-external-links.csv; directory-submissions-external-links.md,q100-001,q100-001-evidence.csv,q100-001-suggestions.csv,200,yes,https://www.diigo.com/,0,0,no,no,yes,no,no,no,yes,reject_paid,reject_auth_required,high,,reject_or_route_to_assisted_manual_flow,login/register or OAuth signal found; evidence: payment/pricing signal found; login/register signal found,suggested_decision_not_allowed_for_batch_row,q100-001,q100-001-draft-report.json,2026-05-22T08:53:54.770Z
74,P2,37,216,verify_directory_fit_before_any_approval,manual_browser_check_required,fit_risk,"Manually verify visible free submit form, required fields, no auth/CAPTCHA/payment blocker, then consider approval as non-executable needs_scout.",https://www.directory.ldmstudio.com/,directory.ldmstudio.com,directory.ldmstudio.com,unknown,unknown,missing_domain,needs_manual_review,2,,,directory-submissions-external-links.csv; directory-submissions-external-links.md,q100-001,q100-001-evidence.csv,q100-001-suggestions.csv,200,yes,https://www.directory.ldmstudio.com/,1,2,no,yes,no,no,no,no,no,review_possible_submit_form,needs_manual_check,medium,approved,manual_confirm_public_free_submit_form_before_approval,"form, submit signal, and directory/listing signal found; evidence: 1 form(s), 2 input/select/textarea fields; submit/add/list/publish button text signal found; directory/listing marketplace text signal found; if manually confirmed, use approved with reviewer notes",,,,2026-05-22T08:53:56.053Z
75,P2,37,217,verify_directory_fit_before_any_approval,fetch_failed_cannot_decide,unknown_manual_risk,"Retry in browser; do not reject based only on fetch failure, timeout, 403, 429, CAPTCHA, or Cloudflare.",https://disqus.com/,disqus.com,disqus.com,unknown,unknown,missing_domain,needs_manual_review,2,,,directory-submissions-external-links.csv; directory-submissions-external-links.md,q100-001,q100-001-evidence.csv,q100-001-suggestions.csv,,no,,0,0,no,unknown,unknown,unknown,unknown,unknown,unknown,review_fetch_failed,needs_manual_check,low,,manual_browser_check_required_before_decision,This operation was aborted; evidence: This operation was aborted,,,,2026-05-22T08:53:57.423Z
76,P2,37,223,verify_directory_fit_before_any_approval,safety_gate_blocked_auto_rejection,high_manual_risk,"Open in a normal browser, verify directory fit and submit path, then edit review decision manually only if evidence is clear.",https://www.ebay.com/,ebay.com,ebay.com,unknown,unknown,missing_domain,needs_manual_review,2,,,directory-submissions-external-links.csv; directory-submissions-external-links.md,q100-001,q100-001-evidence.csv,q100-001-suggestions.csv,200,yes,https://www.ebay.com/,1,7,no,no,yes,no,yes,no,yes,reject_paid,reject_auth_required,high,,reject_or_route_to_assisted_manual_flow,"login/register or OAuth signal found; evidence: payment/pricing signal found; login/register signal found; CAPTCHA signal found; 1 form(s), 7 input/select/textarea fields; submit/add/list/publish button text signal found",suggested_decision_not_allowed_for_batch_row,q100-001,q100-001-draft-report.json,2026-05-22T08:54:07.427Z
77,P2,37,224,verify_directory_fit_before_any_approval,medium_confidence_requires_human_confirmation,fit_risk,Decide whether this is assisted/manual-strategic; do not automate without explicit login/session plan and persisted selectors.,https://ecosystem.hubspot.com/marketplace,ecosystem.hubspot.com,ecosystem.hubspot.com,unknown,unknown,missing_domain,needs_manual_review,2,,,directory-submissions-external-links.csv; directory-submissions-external-links.md,q100-001,q100-001-evidence.csv,q100-001-suggestions.csv,200,yes,https://ecosystem.hubspot.com/marketplace,0,0,no,yes,no,no,no,yes,no,reject_auth_required,reject_auth_required,medium,,reject_for_automation_unless_human_assisted_flow_is_explicitly_planned,CAPTCHA or Cloudflare/human-verification signal found; evidence: Cloudflare/human verification signal found; directory/listing marketplace text signal found,,,,2026-05-22T08:54:08.638Z
78,P2,37,226,verify_directory_fit_before_any_approval,safety_gate_blocked_auto_rejection,high_manual_risk,"Open in a normal browser, verify directory fit and submit path, then edit review decision manually only if evidence is clear.",https://elocal.com/,elocal.com,elocal.com,unknown,unknown,missing_domain,needs_manual_review,2,,,directory-submissions-external-links.csv; directory-submissions-external-links.md,q100-001,q100-001-evidence.csv,q100-001-suggestions.csv,200,yes,https://elocal.com/,1,3,no,yes,yes,no,no,no,yes,reject_paid,reject_auth_required,high,,reject_or_route_to_assisted_manual_flow,"login/register or OAuth signal found; evidence: payment/pricing signal found; login/register signal found; 1 form(s), 3 input/select/textarea fields; submit/add/list/publish button text signal found; directory/listing marketplace text signal found",suggested_decision_not_allowed_for_batch_row,q100-001,q100-001-draft-report.json,2026-05-22T08:54:10.438Z
79,P2,37,227,verify_directory_fit_before_any_approval,fetch_failed_cannot_decide,unknown_manual_risk,"Retry in browser; do not reject based only on fetch failure, timeout, 403, 429, CAPTCHA, or Cloudflare.",https://www.etsy.com/,etsy.com,etsy.com,unknown,unknown,missing_domain,needs_manual_review,2,,,directory-submissions-external-links.csv; directory-submissions-external-links.md,q100-001,q100-001-evidence.csv,q100-001-suggestions.csv,,no,,0,0,no,unknown,unknown,unknown,unknown,unknown,unknown,review_fetch_failed,needs_manual_check,low,,manual_browser_check_required_before_decision,This operation was aborted; evidence: This operation was aborted,,,,2026-05-22T08:54:11.299Z
80,P2,37,228,verify_directory_fit_before_any_approval,fetch_failed_cannot_decide,unknown_manual_risk,"Retry in browser; do not reject based only on fetch failure, timeout, 403, 429, CAPTCHA, or Cloudflare.",https://www.eu-business.com/,eu-business.com,eu-business.com,unknown,unknown,missing_domain,needs_manual_review,2,,,directory-submissions-external-links.csv; directory-submissions-external-links.md,q100-001,q100-001-evidence.csv,q100-001-suggestions.csv,,no,,0,0,no,unknown,unknown,unknown,unknown,unknown,unknown,review_fetch_failed,needs_manual_check,low,,manual_browser_check_required_before_decision,fetch failed; evidence: fetch failed,,,,2026-05-22T08:54:21.301Z
81,P2,37,229,verify_directory_fit_before_any_approval,safety_gate_blocked_auto_rejection,high_manual_risk,"Open in a normal browser, verify directory fit and submit path, then edit review decision manually only if evidence is clear.",https://evensi.com/,evensi.com,evensi.com,unknown,unknown,missing_domain,needs_manual_review,2,,,directory-submissions-external-links.csv; directory-submissions-external-links.md,q100-001,q100-001-evidence.csv,q100-001-suggestions.csv,200,yes,https://discover.events.com/,0,0,no,no,yes,no,no,no,no,reject_auth_required,reject_auth_required,high,,reject_or_route_to_assisted_manual_flow,login/register or OAuth signal found; evidence: login/register signal found; final domain changed to discover.events.com,suggested_decision_not_allowed_for_batch_row,q100-001,q100-001-draft-report.json,2026-05-22T08:54:22.045Z
82,P2,37,230,verify_directory_fit_before_any_approval,fetch_failed_cannot_decide,unknown_manual_risk,"Retry in browser; do not reject based only on fetch failure, timeout, 403, 429, CAPTCHA, or Cloudflare.",https://evernote.com/,evernote.com,evernote.com,unknown,unknown,missing_domain,needs_manual_review,2,,,directory-submissions-external-links.csv; directory-submissions-external-links.md,q100-001,q100-001-evidence.csv,q100-001-suggestions.csv,,no,,0,0,no,unknown,unknown,unknown,unknown,unknown,unknown,review_fetch_failed,needs_manual_check,low,,manual_browser_check_required_before_decision,This operation was aborted; evidence: This operation was aborted,,,,2026-05-22T08:54:24.469Z
83,P2,37,238,verify_directory_fit_before_any_approval,fetch_failed_cannot_decide,unknown_manual_risk,"Retry in browser; do not reject based only on fetch failure, timeout, 403, 429, CAPTCHA, or Cloudflare.",https://ezinearticles.com/,ezinearticles.com,ezinearticles.com,unknown,unknown,missing_domain,needs_manual_review,2,,,directory-submissions-external-links.csv; directory-submissions-external-links.md,q100-001,q100-001-evidence.csv,q100-001-suggestions.csv,,no,,0,0,no,unknown,unknown,unknown,unknown,unknown,unknown,review_fetch_failed,needs_manual_check,low,,manual_browser_check_required_before_decision,fetch failed; evidence: fetch failed,,,,2026-05-22T08:54:34.479Z
84,P2,37,239,verify_directory_fit_before_any_approval,safety_gate_blocked_auto_rejection,high_manual_risk,"Open in a normal browser, verify directory fit and submit path, then edit review decision manually only if evidence is clear.",https://www.ezlocal.com/,ezlocal.com,ezlocal.com,unknown,unknown,missing_domain,needs_manual_review,2,,,directory-submissions-external-links.csv; directory-submissions-external-links.md,q100-001,q100-001-evidence.csv,q100-001-suggestions.csv,403,no,https://www.ezlocal.com/,0,0,no,no,no,no,yes,yes,no,review_fetch_failed,reject_auth_required,high,,reject_for_automation_unless_human_assisted_flow_is_explicitly_planned,CAPTCHA or Cloudflare/human-verification signal found; evidence: CAPTCHA signal found; Cloudflare/human verification signal found; HTTP 403,suggested_decision_not_allowed_for_batch_row,q100-001,q100-001-draft-report.json,2026-05-22T08:54:36.836Z
85,P2,37,247,verify_directory_fit_before_any_approval,safety_gate_blocked_auto_rejection,high_manual_risk,"Open in a normal browser, verify directory fit and submit path, then edit review decision manually only if evidence is clear.",https://www.feedough.com/,feedough.com,feedough.com,unknown,unknown,missing_domain,needs_manual_review,2,,,directory-submissions-external-links.csv; directory-submissions-external-links.md,q100-001,q100-001-evidence.csv,q100-001-suggestions.csv,200,yes,https://www.feedough.com/,4,11,no,yes,yes,no,yes,yes,yes,reject_paid,reject_auth_required,high,,reject_or_route_to_assisted_manual_flow,"login/register or OAuth signal found; evidence: payment/pricing signal found; login/register signal found; CAPTCHA signal found; Cloudflare/human verification signal found; 4 form(s), 11 input/select/textarea fields; submit/add/list/publish button text signal found; directory/listing marketplace text signal found",suggested_decision_not_allowed_for_batch_row,q100-001,q100-001-draft-report.json,2026-05-22T08:54:38.348Z
86,P2,37,248,verify_directory_fit_before_any_approval,safety_gate_blocked_auto_rejection,high_manual_risk,"Open in a normal browser, verify directory fit and submit path, then edit review decision manually only if evidence is clear.",https://www.feedspot.com/,feedspot.com,feedspot.com,unknown,unknown,missing_domain,needs_manual_review,2,,,directory-submissions-external-links.csv; directory-submissions-external-links.md,q100-001,q100-001-evidence.csv,q100-001-suggestions.csv,200,yes,https://www.feedspot.com/,4,41,no,yes,yes,no,yes,no,yes,reject_paid,reject_auth_required,high,,reject_or_route_to_assisted_manual_flow,"login/register or OAuth signal found; evidence: payment/pricing signal found; login/register signal found; CAPTCHA signal found; 4 form(s), 41 input/select/textarea fields; submit/add/list/publish button text signal found; directory/listing marketplace text signal found",suggested_decision_not_allowed_for_batch_row,q100-001,q100-001-draft-report.json,2026-05-22T08:54:40.763Z
87,P2,37,251,verify_directory_fit_before_any_approval,fetch_failed_cannot_decide,unknown_manual_risk,"Retry in browser; do not reject based only on fetch failure, timeout, 403, 429, CAPTCHA, or Cloudflare.",https://www.finduslocal.com/,finduslocal.com,finduslocal.com,unknown,unknown,missing_domain,needs_manual_review,2,,,directory-submissions-external-links.csv; directory-submissions-external-links.md,q100-001,q100-001-evidence.csv,q100-001-suggestions.csv,,no,,0,0,no,unknown,unknown,unknown,unknown,unknown,unknown,review_fetch_failed,needs_manual_check,low,,manual_browser_check_required_before_decision,This operation was aborted; evidence: This operation was aborted,,,,2026-05-22T08:54:42.863Z
88,P2,37,261,verify_directory_fit_before_any_approval,fetch_failed_cannot_decide,unknown_manual_risk,"Retry in browser; do not reject based only on fetch failure, timeout, 403, 429, CAPTCHA, or Cloudflare.",https://www.flickr.com/,flickr.com,flickr.com,unknown,unknown,missing_domain,needs_manual_review,2,,,directory-submissions-external-links.csv; directory-submissions-external-links.md,q100-001,q100-001-evidence.csv,q100-001-suggestions.csv,,no,,0,0,no,unknown,unknown,unknown,unknown,unknown,unknown,review_fetch_failed,needs_manual_check,low,,manual_browser_check_required_before_decision,This operation was aborted; evidence: This operation was aborted,,,,2026-05-22T08:54:52.875Z
89,P2,37,263,verify_directory_fit_before_any_approval,safety_gate_blocked_auto_rejection,high_manual_risk,"Open in a normal browser, verify directory fit and submit path, then edit review decision manually only if evidence is clear.",https://www.folkd.com/,folkd.com,folkd.com,unknown,unknown,missing_domain,needs_manual_review,2,,,directory-submissions-external-links.csv; directory-submissions-external-links.md,q100-001,q100-001-evidence.csv,q100-001-suggestions.csv,403,no,https://www.folkd.com/,0,0,no,no,no,no,yes,yes,no,review_fetch_failed,reject_auth_required,high,,reject_for_automation_unless_human_assisted_flow_is_explicitly_planned,CAPTCHA or Cloudflare/human-verification signal found; evidence: CAPTCHA signal found; Cloudflare/human verification signal found; HTTP 403,suggested_decision_not_allowed_for_batch_row,q100-001,q100-001-draft-report.json,2026-05-22T08:55:02.882Z
90,P2,37,267,verify_directory_fit_before_any_approval,safety_gate_blocked_auto_rejection,high_manual_risk,"Open in a normal browser, verify directory fit and submit path, then edit review decision manually only if evidence is clear.",https://forums.digitalpoint.com/,forums.digitalpoint.com,forums.digitalpoint.com,unknown,unknown,missing_domain,needs_manual_review,2,,,directory-submissions-external-links.csv; directory-submissions-external-links.md,q100-001,q100-001-evidence.csv,q100-001-suggestions.csv,200,yes,https://forums.digitalpoint.com/,2,16,no,yes,yes,no,yes,no,yes,reject_paid,reject_auth_required,high,,reject_or_route_to_assisted_manual_flow,"login/register or OAuth signal found; evidence: payment/pricing signal found; login/register signal found; CAPTCHA signal found; 2 form(s), 16 input/select/textarea fields; submit/add/list/publish button text signal found; directory/listing marketplace text signal found",suggested_decision_not_allowed_for_batch_row,q100-001,q100-001-draft-report.json,2026-05-22T08:55:03.829Z
91,P2,37,269,verify_directory_fit_before_any_approval,safety_gate_blocked_auto_rejection,high_manual_risk,"Open in a normal browser, verify directory fit and submit path, then edit review decision manually only if evidence is clear.",https://www.freeindex.co.uk/,freeindex.co.uk,freeindex.co.uk,unknown,unknown,missing_domain,needs_manual_review,2,,,directory-submissions-external-links.csv; directory-submissions-external-links.md,q100-001,q100-001-evidence.csv,q100-001-suggestions.csv,200,yes,https://www.freeindex.co.uk/,0,3,no,no,yes,no,no,no,no,reject_auth_required,reject_auth_required,high,,reject_or_route_to_assisted_manual_flow,login/register or OAuth signal found; evidence: login/register signal found,suggested_decision_not_allowed_for_batch_row,q100-001,q100-001-draft-report.json,2026-05-22T08:55:05.068Z
92,P2,37,275,verify_directory_fit_before_any_approval,safety_gate_blocked_auto_rejection,high_manual_risk,"Open in a normal browser, verify directory fit and submit path, then edit review decision manually only if evidence is clear.",https://ghost.org/,ghost.org,ghost.org,unknown,unknown,missing_domain,needs_manual_review,2,,,directory-submissions-external-links.csv; directory-submissions-external-links.md,q100-001,q100-001-evidence.csv,q100-001-suggestions.csv,200,yes,https://ghost.org/,0,0,no,yes,yes,no,no,no,yes,reject_paid,reject_auth_required,high,,reject_or_route_to_assisted_manual_flow,login/register or OAuth signal found; evidence: payment/pricing signal found; login/register signal found; submit/add/list/publish button text signal found; directory/listing marketplace text signal found,suggested_decision_not_allowed_for_batch_row,q100-001,q100-001-draft-report.json,2026-05-22T08:55:06.758Z
93,P2,37,286,verify_directory_fit_before_any_approval,fetch_failed_cannot_decide,unknown_manual_risk,"Retry in browser; do not reject based only on fetch failure, timeout, 403, 429, CAPTCHA, or Cloudflare.",https://gitlab.com/,gitlab.com,gitlab.com,unknown,unknown,missing_domain,needs_manual_review,2,,,directory-submissions-external-links.csv; directory-submissions-external-links.md,q100-001,q100-001-evidence.csv,q100-001-suggestions.csv,,no,,0,0,no,unknown,unknown,unknown,unknown,unknown,unknown,review_fetch_failed,needs_manual_check,low,,manual_browser_check_required_before_decision,This operation was aborted; evidence: This operation was aborted,,,,2026-05-22T08:55:08.416Z
94,P2,37,288,verify_directory_fit_before_any_approval,medium_confidence_requires_human_confirmation,fit_risk,Confirm whether a free submission path exists; reject if only paid/sponsored listing is available.,https://glama.ai/mcp/servers,glama.ai,glama.ai,unknown,unknown,missing_domain,needs_manual_review,2,,,directory-submissions-external-links.csv; directory-submissions-external-links.md,q100-001,q100-001-evidence.csv,q100-001-suggestions.csv,200,yes,https://glama.ai/mcp/servers,0,1,no,yes,no,no,no,no,yes,reject_paid,reject_not_submit,medium,,reject_unless_manual_review_finds_hidden_submit_entry,"no submit path, submit button, or form signal found; evidence: payment/pricing signal found; directory/listing marketplace text signal found",,,,2026-05-22T08:55:18.429Z
95,P2,37,293,verify_directory_fit_before_any_approval,medium_confidence_requires_human_confirmation,fit_risk,Decide whether this is assisted/manual-strategic; do not automate without explicit login/session plan and persisted selectors.,https://gptforge.net/,gptforge.net,gptforge.net,unknown,unknown,missing_domain,needs_manual_review,2,,,directory-submissions-external-links.csv; directory-submissions-external-links.md,q100-001,q100-001-evidence.csv,q100-001-suggestions.csv,200,yes,https://gptforge.net/,0,0,no,no,no,no,no,yes,no,reject_auth_required,reject_auth_required,medium,,reject_for_automation_unless_human_assisted_flow_is_explicitly_planned,CAPTCHA or Cloudflare/human-verification signal found; evidence: Cloudflare/human verification signal found,,,,2026-05-22T08:55:22.213Z
96,P2,37,295,verify_directory_fit_before_any_approval,fetch_failed_cannot_decide,unknown_manual_risk,"Retry in browser; do not reject based only on fetch failure, timeout, 403, 429, CAPTCHA, or Cloudflare.",https://gravatar.com/,gravatar.com,gravatar.com,unknown,unknown,missing_domain,needs_manual_review,2,,,directory-submissions-external-links.csv; directory-submissions-external-links.md,q100-001,q100-001-evidence.csv,q100-001-suggestions.csv,,no,,0,0,no,unknown,unknown,unknown,unknown,unknown,unknown,review_fetch_failed,needs_manual_check,low,,manual_browser_check_required_before_decision,This operation was aborted; evidence: This operation was aborted,,,,2026-05-22T08:55:24.042Z
97,P2,37,297,verify_directory_fit_before_any_approval,fetch_failed_cannot_decide,unknown_manual_risk,"Retry in browser; do not reject based only on fetch failure, timeout, 403, 429, CAPTCHA, or Cloudflare.",https://growthhackers.com/,growthhackers.com,growthhackers.com,unknown,unknown,missing_domain,needs_manual_review,2,,,directory-submissions-external-links.csv; directory-submissions-external-links.md,q100-001,q100-001-evidence.csv,q100-001-suggestions.csv,,no,,0,0,no,unknown,unknown,unknown,unknown,unknown,unknown,review_fetch_failed,needs_manual_check,low,,manual_browser_check_required_before_decision,This operation was aborted; evidence: This operation was aborted,,,,2026-05-22T08:55:34.056Z
98,P2,37,298,verify_directory_fit_before_any_approval,safety_gate_blocked_auto_rejection,high_manual_risk,"Open in a normal browser, verify directory fit and submit path, then edit review decision manually only if evidence is clear.",https://gust.com/,gust.com,gust.com,unknown,unknown,missing_domain,needs_manual_review,2,,,directory-submissions-external-links.csv; directory-submissions-external-links.md,q100-001,q100-001-evidence.csv,q100-001-suggestions.csv,403,no,https://gust.com/,0,0,no,no,no,no,yes,yes,no,review_fetch_failed,reject_auth_required,high,,reject_for_automation_unless_human_assisted_flow_is_explicitly_planned,CAPTCHA or Cloudflare/human-verification signal found; evidence: CAPTCHA signal found; Cloudflare/human verification signal found; HTTP 403,suggested_decision_not_allowed_for_batch_row,q100-001,q100-001-draft-report.json,2026-05-22T08:55:44.064Z
99,P2,37,303,verify_directory_fit_before_any_approval,fetch_failed_cannot_decide,unknown_manual_risk,"Retry in browser; do not reject based only on fetch failure, timeout, 403, 429, CAPTCHA, or Cloudflare.",https://www.hg.org/,hg.org,hg.org,unknown,unknown,missing_domain,needs_manual_review,2,,,directory-submissions-external-links.csv; directory-submissions-external-links.md,q100-001,q100-001-evidence.csv,q100-001-suggestions.csv,,no,,0,0,no,unknown,unknown,unknown,unknown,unknown,unknown,review_fetch_failed,needs_manual_check,low,,manual_browser_check_required_before_decision,fetch failed; evidence: fetch failed,,,,2026-05-22T08:55:45.264Z
100,P2,37,305,verify_directory_fit_before_any_approval,safety_gate_blocked_auto_rejection,high_manual_risk,"Open in a normal browser, verify directory fit and submit path, then edit review decision manually only if evidence is clear.",https://www.hotfrog.com/,hotfrog.com,hotfrog.com,unknown,unknown,missing_domain,needs_manual_review,2,,,directory-submissions-external-links.csv; directory-submissions-external-links.md,p2-001,p2-001-evidence.csv,p2-001-suggestions.csv,403,no,https://www.hotfrog.com/,0,0,no,no,no,no,yes,yes,no,review_fetch_failed,reject_auth_required,high,,reject_for_automation_unless_human_assisted_flow_is_explicitly_planned,CAPTCHA or Cloudflare/human-verification signal found; evidence: CAPTCHA signal found; Cloudflare/human verification signal found; HTTP 403,suggested_decision_not_allowed_for_batch_row,p2-001,p2-001-draft-report.json,2026-05-22T08:41:31.848Z
