rank,priority,priority_score,target_id,name,domain,mode,status,pricing,risk,lang,manual_bucket,automation_after_human,submission_policy,safety_blockers,recommended_next_step,auth_profile,auth_login_command,auth_scout_command,submit_url,final_url,root_url,last_scouted_at,last_submitted_at,form_count,field_count,required_fields,unmapped_required_fields,submit_button_count,source,reason,notes
1,P0,315,beta-list,Beta List,betalist.com,assisted,auth_required,free,unknown,unknown,manual_login_then_rescout,rescout_after_saved_login_profile,no_real_submission_from_pack; human_review_and_scout_required_before_execution,auth_or_oauth_required,"Create/login manually, save auth profile ""beta-list"", then re-scout with that profile before any execution.",beta-list,"node src/cli.js auth login --profile ""beta-list"" --url ""https://betalist.com/sign_in""","node src/cli.js scout ""https://betalist.com/submissions/new"" --auth-profile ""beta-list"" --target-id ""beta-list"" --registry ""resources/targets.canonical.yaml"" --persist --scout-dir ""resources/scout-results"" --update-registry --engine playwright",https://betalist.com/submissions/new,https://betalist.com/sign_in,https://betalist.com/,2026-05-22T14:54:22.927Z,,2,5,0,0,2,notion,auth_signal,
2,P0,315,chatgptdemo,ChatGPT demo,chatgptdemo.com,assisted,auth_required,free,unknown,unknown,manual_login_then_rescout,rescout_after_saved_login_profile,no_real_submission_from_pack; human_review_and_scout_required_before_execution,auth_or_oauth_required,"Create/login manually, save auth profile ""chatgptdemo"", then re-scout with that profile before any execution.",chatgptdemo,"node src/cli.js auth login --profile ""chatgptdemo"" --url ""https://chatgptdemo.com/submit-new-ai-tool""","node src/cli.js scout ""https://chatgptdemo.com/submit-new-ai-tool"" --auth-profile ""chatgptdemo"" --target-id ""chatgptdemo"" --registry ""resources/targets.canonical.yaml"" --persist --scout-dir ""resources/scout-results"" --update-registry --engine playwright",https://chatgptdemo.com/submit-new-ai-tool,https://chatgptdemo.com/submit-new-ai-tool,https://chatgptdemo.com/,2026-05-22T15:01:30.932Z,,3,9,0,0,3,targets.yaml,auth_signal,
3,P0,315,promptzone,Promptzone,promptzone.com,assisted,auth_required,free,unknown,unknown,manual_login_then_rescout,rescout_after_saved_login_profile,no_real_submission_from_pack; human_review_and_scout_required_before_execution,auth_or_oauth_required,"Create/login manually, save auth profile ""promptzone"", then re-scout with that profile before any execution.",promptzone,"node src/cli.js auth login --profile ""promptzone"" --url ""https://www.promptzone.com/new""","node src/cli.js scout ""https://www.promptzone.com/new"" --auth-profile ""promptzone"" --target-id ""promptzone"" --registry ""resources/targets.canonical.yaml"" --persist --scout-dir ""resources/scout-results"" --update-registry --engine playwright",https://www.promptzone.com/new,https://www.promptzone.com/new,https://www.promptzone.com/,2026-05-22T17:22:54.870Z,,4,12,0,0,4,notion,auth_signal,
4,P0,315,resource-fyi,Resource fyi,resource.fyi,assisted,auth_required,free,unknown,unknown,manual_login_then_rescout,rescout_after_saved_login_profile,no_real_submission_from_pack; human_review_and_scout_required_before_execution,auth_or_oauth_required,"Create/login manually, save auth profile ""resource-fyi"", then re-scout with that profile before any execution.",resource-fyi,"node src/cli.js auth login --profile ""resource-fyi"" --url ""https://resource.fyi/login""","node src/cli.js scout ""https://resource.fyi/account/submit"" --auth-profile ""resource-fyi"" --target-id ""resource-fyi"" --registry ""resources/targets.canonical.yaml"" --persist --scout-dir ""resources/scout-results"" --update-registry --engine playwright",https://resource.fyi/account/submit,https://resource.fyi/login,https://resource.fyi/,2026-05-22T17:29:41.788Z,,2,5,0,0,2,notion,auth_signal,
5,P0,315,sitelike,Sitelike,sitelike.org,assisted,auth_required,free,unknown,unknown,manual_login_then_rescout,rescout_after_saved_login_profile,no_real_submission_from_pack; human_review_and_scout_required_before_execution,auth_or_oauth_required; submit_button_missing,"Create/login manually, save auth profile ""sitelike"", then re-scout with that profile before any execution.",sitelike,"node src/cli.js auth login --profile ""sitelike"" --url ""https://www.sitelike.org/add-site""","node src/cli.js scout ""https://www.sitelike.org/add-site"" --auth-profile ""sitelike"" --target-id ""sitelike"" --registry ""resources/targets.canonical.yaml"" --persist --scout-dir ""resources/scout-results"" --update-registry --engine playwright",https://www.sitelike.org/add-site,https://www.sitelike.org/add-site,https://www.sitelike.org/,2026-05-22T17:38:59.139Z,,1,3,0,0,0,targets.yaml,auth_signal,
6,P0,295,247webdirectory,247WebDirectory,247webdirectory.com,assisted,auth_required,unknown,unknown,en,manual_login_then_rescout,rescout_after_saved_login_profile,no_real_submission_from_pack; human_review_and_scout_required_before_execution,pricing_unknown_verify_free_path; auth_or_oauth_required; submit_button_missing,"Create/login manually, save auth profile ""247webdirectory"", then re-scout with that profile before any execution.",247webdirectory,"node src/cli.js auth login --profile ""247webdirectory"" --url ""https://www.247webdirectory.com/""","node src/cli.js scout ""https://www.247webdirectory.com/"" --auth-profile ""247webdirectory"" --target-id ""247webdirectory"" --registry ""resources/targets.canonical.yaml"" --persist --scout-dir ""resources/scout-results"" --update-registry --engine playwright",https://www.247webdirectory.com/,https://www.247webdirectory.com/,https://www.247webdirectory.com/,2026-05-23T02:58:33.976Z,,1,1,0,0,0,targets.yaml,auth_signal,
7,P0,295,asr,ASR,activesearchresults.com,assisted,auth_required,unknown,unknown,en,manual_login_then_rescout,rescout_after_saved_login_profile,no_real_submission_from_pack; human_review_and_scout_required_before_execution,pricing_unknown_verify_free_path; auth_or_oauth_required,"Create/login manually, save auth profile ""asr"", then re-scout with that profile before any execution.",asr,"node src/cli.js auth login --profile ""asr"" --url ""https://www.activesearchresults.com/addwebsite.php""","node src/cli.js scout ""https://www.activesearchresults.com/addwebsite.php"" --auth-profile ""asr"" --target-id ""asr"" --registry ""resources/targets.canonical.yaml"" --persist --scout-dir ""resources/scout-results"" --update-registry --engine playwright",https://www.activesearchresults.com/addwebsite.php,https://www.activesearchresults.com/addwebsite.php,https://www.activesearchresults.com/,2026-05-23T02:59:26.877Z,,1,5,0,0,3,targets.yaml,auth_signal,
8,P0,295,ai-ailookme,AI工具箱 (ailookme),ailookme.com,assisted,auth_required,unknown,unknown,zh,manual_login_then_rescout,rescout_after_saved_login_profile,no_real_submission_from_pack; human_review_and_scout_required_before_execution,pricing_unknown_verify_free_path; auth_or_oauth_required,"Create/login manually, save auth profile ""ai-ailookme"", then re-scout with that profile before any execution.",ai-ailookme,"node src/cli.js auth login --profile ""ai-ailookme"" --url ""https://www.ailookme.com/%e7%bd%91%e5%9d%80%e6%8f%90%e4%ba%a4""","node src/cli.js scout ""https://www.ailookme.com/%e7%bd%91%e5%9d%80%e6%8f%90%e4%ba%a4"" --auth-profile ""ai-ailookme"" --target-id ""ai-ailookme"" --registry ""resources/targets.canonical.yaml"" --persist --scout-dir ""resources/scout-results"" --update-registry --engine playwright",https://www.ailookme.com/%e7%bd%91%e5%9d%80%e6%8f%90%e4%ba%a4,https://www.ailookme.com/%e7%bd%91%e5%9d%80%e6%8f%90%e4%ba%a4,https://www.ailookme.com/,2026-05-22T13:59:57.739Z,,1,1,1,0,1,targets.yaml,auth_signal; classification_mismatch:assisted->assisted,
9,P0,295,xinquji-com,新趣集,xinquji.com,assisted,auth_required,unknown,unknown,zh,manual_login_then_rescout,rescout_after_saved_login_profile,no_real_submission_from_pack; human_review_and_scout_required_before_execution,pricing_unknown_verify_free_path; auth_or_oauth_required,"Create/login manually, save auth profile ""xinquji-com"", then re-scout with that profile before any execution.",xinquji-com,"node src/cli.js auth login --profile ""xinquji-com"" --url ""https://xinquji.com/submit""","node src/cli.js scout ""https://xinquji.com/"" --auth-profile ""xinquji-com"" --target-id ""xinquji-com"" --registry ""resources/targets.canonical.yaml"" --persist --scout-dir ""resources/scout-results"" --update-registry --engine playwright",https://xinquji.com/,https://xinquji.com/submit,https://xinquji.com/,2026-05-23T02:46:50.430Z,,2,9,3,0,2,targets.yaml,auth_signal; classification_mismatch:assisted->auto_safe,ProductHunt-like for China
10,P0,290,betalist-com,https://betalist.com,betalist.com,assisted,auth_required,unknown,unknown,unknown,manual_login_then_rescout,rescout_after_saved_login_profile,no_real_submission_from_pack; human_review_and_scout_required_before_execution,pricing_unknown_verify_free_path; auth_or_oauth_required,"Create/login manually, save auth profile ""betalist-com"", then re-scout with that profile before any execution.",betalist-com,"node src/cli.js auth login --profile ""betalist-com"" --url ""https://betalist.com/sign_in""","node src/cli.js scout ""https://betalist.com/"" --auth-profile ""betalist-com"" --target-id ""betalist-com"" --registry ""resources/targets.canonical.yaml"" --persist --scout-dir ""resources/scout-results"" --update-registry --engine playwright",https://betalist.com/,https://betalist.com/sign_in,https://betalist.com/,2026-05-22T14:53:43.114Z,,2,5,0,0,2,91wink,auth_signal,
11,P0,280,mergeek,Mergeek,mergeek.com,assisted,auth_required,free,unknown,zh,manual_login_then_rescout,rescout_after_saved_login_profile,no_real_submission_from_pack; human_review_and_scout_required_before_execution,auth_or_oauth_required; required_fields_unmapped,"Create/login manually, save auth profile ""mergeek"", then re-scout with that profile before any execution.",mergeek,"node src/cli.js auth login --profile ""mergeek"" --url ""https://mergeek.com/publish_project""","node src/cli.js scout ""https://mergeek.com/publish_project"" --auth-profile ""mergeek"" --target-id ""mergeek"" --registry ""resources/targets.canonical.yaml"" --persist --scout-dir ""resources/scout-results"" --update-registry --engine playwright",https://mergeek.com/publish_project,https://mergeek.com/publish_project,https://mergeek.com/,2026-05-23T03:38:04.478Z,,1,5,4,1,1,targets.yaml,auth_signal; classification_mismatch:assisted->needs_scout,
12,P0,280,top-best-alternatives,Top Best Alternatives,topbestalternatives.com,assisted,auth_required,freemium,unknown,en,manual_login_then_rescout,rescout_after_saved_login_profile,no_real_submission_from_pack; human_review_and_scout_required_before_execution,auth_or_oauth_required,"Create/login manually, save auth profile ""top-best-alternatives"", then re-scout with that profile before any execution.",top-best-alternatives,"node src/cli.js auth login --profile ""top-best-alternatives"" --url ""https://www.topbestalternatives.com/""","node src/cli.js scout ""https://www.topbestalternatives.com/"" --auth-profile ""top-best-alternatives"" --target-id ""top-best-alternatives"" --registry ""resources/targets.canonical.yaml"" --persist --scout-dir ""resources/scout-results"" --update-registry --engine playwright",https://www.topbestalternatives.com/,https://www.topbestalternatives.com/,https://www.topbestalternatives.com/,2026-05-23T02:23:36.763Z,,1,2,0,0,1,targets.yaml,auth_signal; classification_mismatch:assisted->assisted,
13,P0,275,ai-tool-guru,AI Tool guru,aitoolguru.com,assisted,auth_required,free,unknown,unknown,manual_login_then_rescout,rescout_after_saved_login_profile,no_real_submission_from_pack; human_review_and_scout_required_before_execution,auth_or_oauth_required; no_persisted_form_evidence,"Create/login manually, save auth profile ""ai-tool-guru"", then re-scout with that profile before any execution.",ai-tool-guru,"node src/cli.js auth login --profile ""ai-tool-guru"" --url ""https://aitoolguru.com/login""","node src/cli.js scout ""https://aitoolguru.com/submit-ai-tool"" --auth-profile ""ai-tool-guru"" --target-id ""ai-tool-guru"" --registry ""resources/targets.canonical.yaml"" --persist --scout-dir ""resources/scout-results"" --update-registry --engine playwright",https://aitoolguru.com/submit-ai-tool,https://aitoolguru.com/login,https://aitoolguru.com/,2026-05-22T14:16:09.300Z,,0,0,0,0,0,notion,auth_signal,
14,P0,275,ai-tools-arena,AI Tools Arena,aitoolsarena.com,assisted,auth_required,free,unknown,unknown,manual_login_then_rescout,rescout_after_saved_login_profile,no_real_submission_from_pack; human_review_and_scout_required_before_execution,auth_or_oauth_required; required_fields_unmapped,"Create/login manually, save auth profile ""ai-tools-arena"", then re-scout with that profile before any execution.",ai-tools-arena,"node src/cli.js auth login --profile ""ai-tools-arena"" --url ""https://aitoolsarena.com/ai-tools-list-new""","node src/cli.js scout ""https://aitoolsarena.com/"" --auth-profile ""ai-tools-arena"" --target-id ""ai-tools-arena"" --registry ""resources/targets.canonical.yaml"" --persist --scout-dir ""resources/scout-results"" --update-registry --engine playwright",https://aitoolsarena.com/,https://aitoolsarena.com/ai-tools-list-new,https://aitoolsarena.com/,2026-05-22T14:17:44.671Z,,3,46,46,12,2,notion,auth_signal,
15,P0,275,alternative-me,Alternative,alternative.me,assisted,auth_required,free,unknown,unknown,manual_login_then_rescout,rescout_after_saved_login_profile,no_real_submission_from_pack; human_review_and_scout_required_before_execution,auth_or_oauth_required; no_persisted_form_evidence,"Create/login manually, save auth profile ""alternative-me"", then re-scout with that profile before any execution.",alternative-me,"node src/cli.js auth login --profile ""alternative-me"" --url ""https://alternative.me/how-to/suggest-alternatives""","node src/cli.js scout ""https://alternative.me/how-to/submit-software"" --auth-profile ""alternative-me"" --target-id ""alternative-me"" --registry ""resources/targets.canonical.yaml"" --persist --scout-dir ""resources/scout-results"" --update-registry --engine playwright",https://alternative.me/how-to/submit-software,https://alternative.me/how-to/suggest-alternatives,https://alternative.me/,2026-05-22T14:35:55.993Z,,0,0,0,0,0,targets.yaml,auth_signal,
16,P0,275,bestofai,BestOfAI,bestofai.com,assisted,auth_required,free,unknown,unknown,manual_login_then_rescout,rescout_after_saved_login_profile,no_real_submission_from_pack; human_review_and_scout_required_before_execution,auth_or_oauth_required; no_persisted_form_evidence,"Create/login manually, save auth profile ""bestofai"", then re-scout with that profile before any execution.",bestofai,"node src/cli.js auth login --profile ""bestofai"" --url ""https://bestofai.com/tool/add""","node src/cli.js scout ""https://bestofai.com/tool/add"" --auth-profile ""bestofai"" --target-id ""bestofai"" --registry ""resources/targets.canonical.yaml"" --persist --scout-dir ""resources/scout-results"" --update-registry --engine playwright",https://bestofai.com/tool/add,https://bestofai.com/tool/add,https://bestofai.com/,2026-05-22T14:43:40.177Z,,0,0,0,0,0,notion,auth_signal,
17,P0,275,f6s,F6S,f6s.com,assisted,auth_required,free,unknown,unknown,manual_login_then_rescout,rescout_after_saved_login_profile,no_real_submission_from_pack; human_review_and_scout_required_before_execution,auth_or_oauth_required; no_persisted_form_evidence,"Create/login manually, save auth profile ""f6s"", then re-scout with that profile before any execution.",f6s,"node src/cli.js auth login --profile ""f6s"" --url ""https://www.f6s.com/""","node src/cli.js scout ""https://www.f6s.com/"" --auth-profile ""f6s"" --target-id ""f6s"" --registry ""resources/targets.canonical.yaml"" --persist --scout-dir ""resources/scout-results"" --update-registry --engine playwright",https://www.f6s.com/,https://www.f6s.com/,https://www.f6s.com/,2026-05-22T15:38:22.831Z,,0,0,0,0,0,notion,auth_signal,
18,P0,275,favird,Favird,favird.com,assisted,auth_required,free,unknown,unknown,manual_login_then_rescout,rescout_after_saved_login_profile,no_real_submission_from_pack; human_review_and_scout_required_before_execution,auth_or_oauth_required; no_persisted_form_evidence,"Create/login manually, save auth profile ""favird"", then re-scout with that profile before any execution.",favird,"node src/cli.js auth login --profile ""favird"" --url ""https://favird.com/""","node src/cli.js scout ""https://favird.com/"" --auth-profile ""favird"" --target-id ""favird"" --registry ""resources/targets.canonical.yaml"" --persist --scout-dir ""resources/scout-results"" --update-registry --engine playwright",https://favird.com/,https://favird.com/,https://favird.com/,2026-05-22T15:38:37.543Z,,0,0,0,0,0,notion,auth_signal,
19,P0,275,ai-infinity,AI Infinity,forms.gle,assisted,auth_required,free,unknown,unknown,manual_login_then_rescout,rescout_after_saved_login_profile,no_real_submission_from_pack; human_review_and_scout_required_before_execution,auth_or_oauth_required; no_persisted_form_evidence,"Create/login manually, save auth profile ""ai-infinity"", then re-scout with that profile before any execution.",ai-infinity,"node src/cli.js auth login --profile ""ai-infinity"" --url ""https://forms.gle/Ze6pdWzmweCfKWnLA""","node src/cli.js scout ""https://forms.gle/Ze6pdWzmweCfKWnLA"" --auth-profile ""ai-infinity"" --target-id ""ai-infinity"" --registry ""resources/targets.canonical.yaml"" --persist --scout-dir ""resources/scout-results"" --update-registry --engine playwright",https://forms.gle/Ze6pdWzmweCfKWnLA,https://forms.gle/Ze6pdWzmweCfKWnLA,https://forms.gle/,2026-05-23T03:21:22.991Z,,0,0,0,0,0,notion,auth_signal,
20,P0,275,gpt-forge,Gpt Forge,forms.gle,assisted,auth_required,free,unknown,unknown,manual_login_then_rescout,rescout_after_saved_login_profile,no_real_submission_from_pack; human_review_and_scout_required_before_execution,auth_or_oauth_required; no_persisted_form_evidence,"Create/login manually, save auth profile ""gpt-forge"", then re-scout with that profile before any execution.",gpt-forge,"node src/cli.js auth login --profile ""gpt-forge"" --url ""https://forms.gle/8h1SokDHfcPwkbaZ8""","node src/cli.js scout ""https://forms.gle/8h1SokDHfcPwkbaZ8"" --auth-profile ""gpt-forge"" --target-id ""gpt-forge"" --registry ""resources/targets.canonical.yaml"" --persist --scout-dir ""resources/scout-results"" --update-registry --engine playwright",https://forms.gle/8h1SokDHfcPwkbaZ8,https://forms.gle/8h1SokDHfcPwkbaZ8,https://forms.gle/,2026-05-23T03:21:18.004Z,,0,0,0,0,0,notion,auth_signal,
21,P0,275,nextpedia,Nextpedia,nextpedia.io,assisted,auth_required,free,unknown,unknown,manual_login_then_rescout,rescout_after_saved_login_profile,no_real_submission_from_pack; human_review_and_scout_required_before_execution,auth_or_oauth_required; required_fields_unmapped,"Create/login manually, save auth profile ""nextpedia"", then re-scout with that profile before any execution.",nextpedia,"node src/cli.js auth login --profile ""nextpedia"" --url ""https://nextpedia.io/submit-tool""","node src/cli.js scout ""https://www.nextpedia.io/submit-tool"" --auth-profile ""nextpedia"" --target-id ""nextpedia"" --registry ""resources/targets.canonical.yaml"" --persist --scout-dir ""resources/scout-results"" --update-registry --engine playwright",https://www.nextpedia.io/submit-tool,https://nextpedia.io/submit-tool,https://www.nextpedia.io/,2026-05-22T16:36:12.362Z,,1,8,8,4,1,notion,auth_signal,
22,P0,275,startup-collections,Startup Collections,startupcollections.com,assisted,auth_required,free,unknown,unknown,manual_login_then_rescout,rescout_after_saved_login_profile,no_real_submission_from_pack; human_review_and_scout_required_before_execution,auth_or_oauth_required; required_fields_unmapped,"Create/login manually, save auth profile ""startup-collections"", then re-scout with that profile before any execution.",startup-collections,"node src/cli.js auth login --profile ""startup-collections"" --url ""https://startupcollections.com/submit-product""","node src/cli.js scout ""https://startupcollections.com/submit-product"" --auth-profile ""startup-collections"" --target-id ""startup-collections"" --registry ""resources/targets.canonical.yaml"" --persist --scout-dir ""resources/scout-results"" --update-registry --engine playwright",https://startupcollections.com/submit-product,https://startupcollections.com/submit-product,https://startupcollections.com/,2026-05-23T00:57:39.478Z,,3,10,7,2,3,targets.yaml,auth_signal,
23,P0,275,startuptracker,StartupTracker,startuptracker.io,assisted,auth_required,free,unknown,unknown,manual_login_then_rescout,rescout_after_saved_login_profile,no_real_submission_from_pack; human_review_and_scout_required_before_execution,auth_or_oauth_required; no_persisted_form_evidence,"Create/login manually, save auth profile ""startuptracker"", then re-scout with that profile before any execution.",startuptracker,"node src/cli.js auth login --profile ""startuptracker"" --url ""https://startuptracker.io/crowdsourcing""","node src/cli.js scout ""https://startuptracker.io/crowdsourcing"" --auth-profile ""startuptracker"" --target-id ""startuptracker"" --registry ""resources/targets.canonical.yaml"" --persist --scout-dir ""resources/scout-results"" --update-registry --engine playwright",https://startuptracker.io/crowdsourcing,https://startuptracker.io/crowdsourcing,https://startuptracker.io/,2026-05-23T00:59:25.141Z,,0,0,0,0,0,notion,auth_signal,
24,P0,275,the-hack-stack,The Hack Stack,thehackstack.com,assisted,auth_required,free,unknown,unknown,manual_login_then_rescout,rescout_after_saved_login_profile,no_real_submission_from_pack; human_review_and_scout_required_before_execution,auth_or_oauth_required; required_fields_unmapped,"Create/login manually, save auth profile ""the-hack-stack"", then re-scout with that profile before any execution.",the-hack-stack,"node src/cli.js auth login --profile ""the-hack-stack"" --url ""https://thehackstack.com/login""","node src/cli.js scout ""https://thehackstack.com/"" --auth-profile ""the-hack-stack"" --target-id ""the-hack-stack"" --registry ""resources/targets.canonical.yaml"" --persist --scout-dir ""resources/scout-results"" --update-registry --engine playwright",https://thehackstack.com/,https://thehackstack.com/login,https://thehackstack.com/,2026-05-23T02:03:25.733Z,,1,4,2,1,1,notion,auth_signal,
25,P0,275,tools-robingood-com,tools.robingood.com,tools.robingood.com,assisted,auth_required,free,unknown,unknown,manual_login_then_rescout,rescout_after_saved_login_profile,no_real_submission_from_pack; human_review_and_scout_required_before_execution,auth_or_oauth_required; no_persisted_form_evidence,"Create/login manually, save auth profile ""tools-robingood-com"", then re-scout with that profile before any execution.",tools-robingood-com,"node src/cli.js auth login --profile ""tools-robingood-com"" --url ""https://tools.robingood.com/""","node src/cli.js scout ""https://tools.robingood.com/"" --auth-profile ""tools-robingood-com"" --target-id ""tools-robingood-com"" --registry ""resources/targets.canonical.yaml"" --persist --scout-dir ""resources/scout-results"" --update-registry --engine playwright",https://tools.robingood.com/,https://tools.robingood.com/,https://tools.robingood.com/,2026-05-23T02:13:26.318Z,,0,0,0,0,0,notion,auth_signal,
26,P0,255,ai-nav,AI NAV,ainavpro.com,assisted,auth_required,unknown,unknown,zh,manual_login_then_rescout,rescout_after_saved_login_profile,no_real_submission_from_pack; human_review_and_scout_required_before_execution,pricing_unknown_verify_free_path; auth_or_oauth_required; required_fields_unmapped,"Create/login manually, save auth profile ""ai-nav"", then re-scout with that profile before any execution.",ai-nav,"node src/cli.js auth login --profile ""ai-nav"" --url ""https://www.ainavpro.com/contribute""","node src/cli.js scout ""https://www.ainavpro.com/contribute"" --auth-profile ""ai-nav"" --target-id ""ai-nav"" --registry ""resources/targets.canonical.yaml"" --persist --scout-dir ""resources/scout-results"" --update-registry --engine playwright",https://www.ainavpro.com/contribute,https://www.ainavpro.com/contribute,https://www.ainavpro.com/,2026-05-22T14:14:30.876Z,,2,18,18,7,2,targets.yaml,auth_signal; classification_mismatch:assisted->assisted,
27,P0,255,dizkaz-com,笛卡,dizkaz.com,assisted,auth_required,unknown,unknown,zh,manual_login_then_rescout,rescout_after_saved_login_profile,no_real_submission_from_pack; human_review_and_scout_required_before_execution,pricing_unknown_verify_free_path; auth_or_oauth_required; no_persisted_form_evidence,"Create/login manually, save auth profile ""dizkaz-com"", then re-scout with that profile before any execution.",dizkaz-com,"node src/cli.js auth login --profile ""dizkaz-com"" --url ""https://dizkaz.com/""","node src/cli.js scout ""https://dizkaz.com/"" --auth-profile ""dizkaz-com"" --target-id ""dizkaz-com"" --registry ""resources/targets.canonical.yaml"" --persist --scout-dir ""resources/scout-results"" --update-registry --engine playwright",https://dizkaz.com/,https://dizkaz.com/,https://dizkaz.com/,2026-05-22T15:32:47.561Z,,0,0,0,0,0,targets.yaml,auth_signal,
28,P0,255,foundr-ai,Foundr.ai,foundr.ai,assisted,auth_required,unknown,unknown,en,manual_login_then_rescout,rescout_after_saved_login_profile,no_real_submission_from_pack; human_review_and_scout_required_before_execution,pricing_unknown_verify_free_path; auth_or_oauth_required; required_fields_unmapped,"Create/login manually, save auth profile ""foundr-ai"", then re-scout with that profile before any execution.",foundr-ai,"node src/cli.js auth login --profile ""foundr-ai"" --url ""https://foundr.ai/login""","node src/cli.js scout ""https://foundr.ai/"" --auth-profile ""foundr-ai"" --target-id ""foundr-ai"" --registry ""resources/targets.canonical.yaml"" --persist --scout-dir ""resources/scout-results"" --update-registry --engine playwright",https://foundr.ai/,https://foundr.ai/login,https://foundr.ai/,2026-05-22T15:40:14.849Z,,1,3,3,2,1,targets.yaml,auth_signal,
29,P0,255,gainweb-org,GainWeb.org,gainweb.org,assisted,auth_required,unknown,unknown,en,manual_login_then_rescout,rescout_after_saved_login_profile,no_real_submission_from_pack; human_review_and_scout_required_before_execution,pricing_unknown_verify_free_path; auth_or_oauth_required; no_persisted_form_evidence,"Create/login manually, save auth profile ""gainweb-org"", then re-scout with that profile before any execution.",gainweb-org,"node src/cli.js auth login --profile ""gainweb-org"" --url ""https://gainweb.org/""","node src/cli.js scout ""https://gainweb.org/"" --auth-profile ""gainweb-org"" --target-id ""gainweb-org"" --registry ""resources/targets.canonical.yaml"" --persist --scout-dir ""resources/scout-results"" --update-registry --engine playwright",https://gainweb.org/,https://gainweb.org/,https://gainweb.org/,2026-05-22T15:50:27.678Z,,0,0,0,0,0,targets.yaml,auth_signal,
30,P0,255,hhlink-com,海外导航网,hhlink.com,assisted,auth_required,unknown,unknown,zh,manual_login_then_rescout,rescout_after_saved_login_profile,no_real_submission_from_pack; human_review_and_scout_required_before_execution,pricing_unknown_verify_free_path; auth_or_oauth_required; required_fields_unmapped,"Create/login manually, save auth profile ""hhlink-com"", then re-scout with that profile before any execution.",hhlink-com,"node src/cli.js auth login --profile ""hhlink-com"" --url ""https://www.hhlink.com/%E6%8F%90%E4%BA%A4%E6%96%B0%E7%BD%91%E7%AB%99""","node src/cli.js scout ""https://www.hhlink.com/%E6%8F%90%E4%BA%A4%E6%96%B0%E7%BD%91%E7%AB%99"" --auth-profile ""hhlink-com"" --target-id ""hhlink-com"" --registry ""resources/targets.canonical.yaml"" --persist --scout-dir ""resources/scout-results"" --update-registry --engine playwright",https://www.hhlink.com/%E6%8F%90%E4%BA%A4%E6%96%B0%E7%BD%91%E7%AB%99,https://www.hhlink.com/%E6%8F%90%E4%BA%A4%E6%96%B0%E7%BD%91%E7%AB%99,https://www.hhlink.com/,2026-05-22T15:54:34.865Z,,1,23,23,14,3,targets.yaml,auth_signal,
31,P0,255,iforai,iforai,iforai.com,assisted,auth_required,unknown,unknown,zh,manual_login_then_rescout,rescout_after_saved_login_profile,no_real_submission_from_pack; human_review_and_scout_required_before_execution,pricing_unknown_verify_free_path; auth_or_oauth_required; required_fields_unmapped,"Create/login manually, save auth profile ""iforai"", then re-scout with that profile before any execution.",iforai,"node src/cli.js auth login --profile ""iforai"" --url ""https://iforai.com/submit_website""","node src/cli.js scout ""https://iforai.com/submit_website"" --auth-profile ""iforai"" --target-id ""iforai"" --registry ""resources/targets.canonical.yaml"" --persist --scout-dir ""resources/scout-results"" --update-registry --engine playwright",https://iforai.com/submit_website,https://iforai.com/submit_website,https://iforai.com/,2026-05-22T15:55:54.675Z,,2,18,18,7,2,targets.yaml,auth_signal; classification_mismatch:assisted->assisted,
32,P0,255,offpagesavvy,Offpagesavvy,offpagesavvy.com,assisted,auth_required,unknown,unknown,en,manual_login_then_rescout,rescout_after_saved_login_profile,no_real_submission_from_pack; human_review_and_scout_required_before_execution,pricing_unknown_verify_free_path; auth_or_oauth_required; required_fields_unmapped,"Create/login manually, save auth profile ""offpagesavvy"", then re-scout with that profile before any execution.",offpagesavvy,"node src/cli.js auth login --profile ""offpagesavvy"" --url ""https://www.offpagesavvy.com/submit-your-site""","node src/cli.js scout ""https://www.offpagesavvy.com/submit-your-site"" --auth-profile ""offpagesavvy"" --target-id ""offpagesavvy"" --registry ""resources/targets.canonical.yaml"" --persist --scout-dir ""resources/scout-results"" --update-registry --engine playwright",https://www.offpagesavvy.com/submit-your-site,https://www.offpagesavvy.com/submit-your-site,https://www.offpagesavvy.com/,2026-05-22T16:36:34.078Z,,2,16,16,11,2,targets.yaml,auth_signal,
33,P0,255,wechalet-cn,小木屋,wechalet.cn,assisted,auth_required,unknown,unknown,zh,manual_login_then_rescout,rescout_after_saved_login_profile,no_real_submission_from_pack; human_review_and_scout_required_before_execution,pricing_unknown_verify_free_path; auth_or_oauth_required; no_persisted_form_evidence,"Create/login manually, save auth profile ""wechalet-cn"", then re-scout with that profile before any execution.",wechalet-cn,"node src/cli.js auth login --profile ""wechalet-cn"" --url ""https://wechalet.cn/appstore/user-submit""","node src/cli.js scout ""https://wechalet.cn/appstore/add"" --auth-profile ""wechalet-cn"" --target-id ""wechalet-cn"" --registry ""resources/targets.canonical.yaml"" --persist --scout-dir ""resources/scout-results"" --update-registry --engine playwright",https://wechalet.cn/appstore/add,https://wechalet.cn/appstore/user-submit,https://wechalet.cn/,2026-05-23T02:44:59.195Z,,0,0,0,0,0,targets.yaml,auth_signal,
35,P0,250,appalist-com,https://appalist.com/,appalist.com,assisted,auth_required,unknown,unknown,unknown,manual_login_then_rescout,rescout_after_saved_login_profile,no_real_submission_from_pack; human_review_and_scout_required_before_execution,pricing_unknown_verify_free_path; auth_or_oauth_required; required_fields_unmapped,"Create/login manually, save auth profile ""appalist-com"", then re-scout with that profile before any execution.",appalist-com,"node src/cli.js auth login --profile ""appalist-com"" --url ""https://appalist.com/get-started""","node src/cli.js scout ""https://appalist.com/"" --auth-profile ""appalist-com"" --target-id ""appalist-com"" --registry ""resources/targets.canonical.yaml"" --persist --scout-dir ""resources/scout-results"" --update-registry --engine playwright",https://appalist.com/,https://appalist.com/get-started,https://appalist.com/,2026-05-22T14:37:04.079Z,,2,2,2,2,2,91wink,auth_signal,Appa List 连接你与提升生产力的核心软件。找到完美的工具，让你的工作流程更高效。
36,P0,250,ashlist-com,https://ashlist.com,ashlist.com,assisted,auth_required,unknown,unknown,unknown,manual_login_then_rescout,rescout_after_saved_login_profile,no_real_submission_from_pack; human_review_and_scout_required_before_execution,pricing_unknown_verify_free_path; auth_or_oauth_required; required_fields_unmapped,"Create/login manually, save auth profile ""ashlist-com"", then re-scout with that profile before any execution.",ashlist-com,"node src/cli.js auth login --profile ""ashlist-com"" --url ""https://ashlist.com/get-started""","node src/cli.js scout ""https://ashlist.com/"" --auth-profile ""ashlist-com"" --target-id ""ashlist-com"" --registry ""resources/targets.canonical.yaml"" --persist --scout-dir ""resources/scout-results"" --update-registry --engine playwright",https://ashlist.com/,https://ashlist.com/get-started,https://ashlist.com/,2026-05-22T14:39:57.559Z,,2,2,2,2,1,91wink,auth_signal,探索我们全面的AI工具、SaaS平台和软件目录。
37,P0,250,launchscroll-com,https://launchscroll.com/,launchscroll.com,assisted,auth_required,unknown,unknown,unknown,manual_login_then_rescout,rescout_after_saved_login_profile,no_real_submission_from_pack; human_review_and_scout_required_before_execution,pricing_unknown_verify_free_path; auth_or_oauth_required; required_fields_unmapped,"Create/login manually, save auth profile ""launchscroll-com"", then re-scout with that profile before any execution.",launchscroll-com,"node src/cli.js auth login --profile ""launchscroll-com"" --url ""https://launchscroll.com/get-started""","node src/cli.js scout ""https://launchscroll.com/"" --auth-profile ""launchscroll-com"" --target-id ""launchscroll-com"" --registry ""resources/targets.canonical.yaml"" --persist --scout-dir ""resources/scout-results"" --update-registry --engine playwright",https://launchscroll.com/,https://launchscroll.com/get-started,https://launchscroll.com/,2026-05-22T16:04:45.108Z,,2,2,2,2,1,91wink,auth_signal,Launch Scroll 帮助你发现提升生产力的创新工具。
38,P0,250,mylaunchstash-com,https://mylaunchstash.com/,mylaunchstash.com,assisted,auth_required,unknown,unknown,unknown,manual_login_then_rescout,rescout_after_saved_login_profile,no_real_submission_from_pack; human_review_and_scout_required_before_execution,pricing_unknown_verify_free_path; auth_or_oauth_required; required_fields_unmapped,"Create/login manually, save auth profile ""mylaunchstash-com"", then re-scout with that profile before any execution.",mylaunchstash-com,"node src/cli.js auth login --profile ""mylaunchstash-com"" --url ""https://mylaunchstash.com/get-started""","node src/cli.js scout ""https://mylaunchstash.com/"" --auth-profile ""mylaunchstash-com"" --target-id ""mylaunchstash-com"" --registry ""resources/targets.canonical.yaml"" --persist --scout-dir ""resources/scout-results"" --update-registry --engine playwright",https://mylaunchstash.com/,https://mylaunchstash.com/get-started,https://mylaunchstash.com/,2026-05-22T16:12:54.625Z,,2,2,2,2,1,91wink,auth_signal,My Launch Stash 提供为您下一个重要项目精心挑选的资源合集。
39,P0,250,openfuture-ai,OpenFuture AI,openfuture.ai,assisted,auth_required,unknown,unknown,multi,manual_login_then_rescout,rescout_after_saved_login_profile,no_real_submission_from_pack; human_review_and_scout_required_before_execution,pricing_unknown_verify_free_path; auth_or_oauth_required; no_persisted_form_evidence,"Create/login manually, save auth profile ""openfuture-ai"", then re-scout with that profile before any execution.",openfuture-ai,"node src/cli.js auth login --profile ""openfuture-ai"" --url ""https://openfuture.ai/zh/submit-tool""","node src/cli.js scout ""https://openfuture.ai/zh/submit-tool"" --auth-profile ""openfuture-ai"" --target-id ""openfuture-ai"" --registry ""resources/targets.canonical.yaml"" --persist --scout-dir ""resources/scout-results"" --update-registry --engine playwright",https://openfuture.ai/zh/submit-tool,https://openfuture.ai/zh/submit-tool,https://openfuture.ai/,2026-05-22T16:47:49.572Z,,0,0,0,0,0,targets.yaml,auth_signal,
40,P0,250,poweruptools-com,https://poweruptools.com,poweruptools.com,assisted,auth_required,unknown,unknown,unknown,manual_login_then_rescout,rescout_after_saved_login_profile,no_real_submission_from_pack; human_review_and_scout_required_before_execution,pricing_unknown_verify_free_path; auth_or_oauth_required; required_fields_unmapped,"Create/login manually, save auth profile ""poweruptools-com"", then re-scout with that profile before any execution.",poweruptools-com,"node src/cli.js auth login --profile ""poweruptools-com"" --url ""https://poweruptools.com/get-started""","node src/cli.js scout ""https://poweruptools.com/"" --auth-profile ""poweruptools-com"" --target-id ""poweruptools-com"" --registry ""resources/targets.canonical.yaml"" --persist --scout-dir ""resources/scout-results"" --update-registry --engine playwright",https://poweruptools.com/,https://poweruptools.com/get-started,https://poweruptools.com/,2026-05-22T17:21:14.825Z,,2,2,2,2,2,91wink,auth_signal,Power Up Tools is all about enhancing your workflow with powerful software.
41,P0,250,productlistdir-com,https://productlistdir.com,productlistdir.com,assisted,auth_required,unknown,unknown,unknown,manual_login_then_rescout,rescout_after_saved_login_profile,no_real_submission_from_pack; human_review_and_scout_required_before_execution,pricing_unknown_verify_free_path; auth_or_oauth_required; required_fields_unmapped,"Create/login manually, save auth profile ""productlistdir-com"", then re-scout with that profile before any execution.",productlistdir-com,"node src/cli.js auth login --profile ""productlistdir-com"" --url ""https://productlistdir.com/get-started""","node src/cli.js scout ""https://productlistdir.com/"" --auth-profile ""productlistdir-com"" --target-id ""productlistdir-com"" --registry ""resources/targets.canonical.yaml"" --persist --scout-dir ""resources/scout-results"" --update-registry --engine playwright",https://productlistdir.com/,https://productlistdir.com/get-started,https://productlistdir.com/,2026-05-22T17:21:43.607Z,,2,2,2,2,2,91wink,auth_signal,Product List Dir 提供经过精选的软件列表，助力提升您的工作效率。
42,P0,250,productwing-com,https://productwing.com/,productwing.com,assisted,auth_required,unknown,unknown,unknown,manual_login_then_rescout,rescout_after_saved_login_profile,no_real_submission_from_pack; human_review_and_scout_required_before_execution,pricing_unknown_verify_free_path; auth_or_oauth_required; required_fields_unmapped,"Create/login manually, save auth profile ""productwing-com"", then re-scout with that profile before any execution.",productwing-com,"node src/cli.js auth login --profile ""productwing-com"" --url ""https://productwing.com/get-started""","node src/cli.js scout ""https://productwing.com/"" --auth-profile ""productwing-com"" --target-id ""productwing-com"" --registry ""resources/targets.canonical.yaml"" --persist --scout-dir ""resources/scout-results"" --update-registry --engine playwright",https://productwing.com/,https://productwing.com/get-started,https://productwing.com/,2026-05-22T17:21:56.603Z,,2,2,2,2,2,91wink,auth_signal,提升你工作效率的工具。
43,P0,250,www-ruanyifeng-com,https://www.ruanyifeng.com,ruanyifeng.com,assisted,auth_required,unknown,unknown,unknown,manual_login_then_rescout,rescout_after_saved_login_profile,no_real_submission_from_pack; human_review_and_scout_required_before_execution,pricing_unknown_verify_free_path; auth_or_oauth_required; no_persisted_form_evidence,"Create/login manually, save auth profile ""www-ruanyifeng-com"", then re-scout with that profile before any execution.",www-ruanyifeng-com,"node src/cli.js auth login --profile ""www-ruanyifeng-com"" --url ""https://www.ruanyifeng.com/""","node src/cli.js scout ""https://www.ruanyifeng.com/"" --auth-profile ""www-ruanyifeng-com"" --target-id ""www-ruanyifeng-com"" --registry ""resources/targets.canonical.yaml"" --persist --scout-dir ""resources/scout-results"" --update-registry --engine playwright",https://www.ruanyifeng.com/,https://www.ruanyifeng.com/,https://www.ruanyifeng.com/,2026-05-22T17:29:50.187Z,,0,0,0,0,0,91wink,auth_signal,
44,P0,250,saasfield-com,https://saasfield.com/,saasfield.com,assisted,auth_required,unknown,unknown,unknown,manual_login_then_rescout,rescout_after_saved_login_profile,no_real_submission_from_pack; human_review_and_scout_required_before_execution,pricing_unknown_verify_free_path; auth_or_oauth_required; required_fields_unmapped,"Create/login manually, save auth profile ""saasfield-com"", then re-scout with that profile before any execution.",saasfield-com,"node src/cli.js auth login --profile ""saasfield-com"" --url ""https://saasfield.com/get-started""","node src/cli.js scout ""https://saasfield.com/"" --auth-profile ""saasfield-com"" --target-id ""saasfield-com"" --registry ""resources/targets.canonical.yaml"" --persist --scout-dir ""resources/scout-results"" --update-registry --engine playwright",https://saasfield.com/,https://saasfield.com/get-started,https://saasfield.com/,2026-05-22T17:30:48.431Z,,2,2,2,2,2,91wink,auth_signal,SaaS Field 汇聚了提升 SaaS 及其他领域生产力的工具。
45,P0,250,saashubdirectory-com,https://saashubdirectory.com,saashubdirectory.com,assisted,auth_required,unknown,unknown,unknown,manual_login_then_rescout,rescout_after_saved_login_profile,no_real_submission_from_pack; human_review_and_scout_required_before_execution,pricing_unknown_verify_free_path; auth_or_oauth_required; required_fields_unmapped,"Create/login manually, save auth profile ""saashubdirectory-com"", then re-scout with that profile before any execution.",saashubdirectory-com,"node src/cli.js auth login --profile ""saashubdirectory-com"" --url ""https://saashubdirectory.com/get-started""","node src/cli.js scout ""https://saashubdirectory.com/"" --auth-profile ""saashubdirectory-com"" --target-id ""saashubdirectory-com"" --registry ""resources/targets.canonical.yaml"" --persist --scout-dir ""resources/scout-results"" --update-registry --engine playwright",https://saashubdirectory.com/,https://saashubdirectory.com/get-started,https://saashubdirectory.com/,2026-05-22T17:31:34.828Z,,2,2,2,2,2,91wink,auth_signal,SaaS Hub Directory 连接您与提高生产力的关键 SaaS 解决方案。
46,P0,250,saasroots-com,https://saasroots.com/,saasroots.com,assisted,auth_required,unknown,unknown,unknown,manual_login_then_rescout,rescout_after_saved_login_profile,no_real_submission_from_pack; human_review_and_scout_required_before_execution,pricing_unknown_verify_free_path; auth_or_oauth_required; required_fields_unmapped,"Create/login manually, save auth profile ""saasroots-com"", then re-scout with that profile before any execution.",saasroots-com,"node src/cli.js auth login --profile ""saasroots-com"" --url ""https://saasroots.com/get-started""","node src/cli.js scout ""https://saasroots.com/"" --auth-profile ""saasroots-com"" --target-id ""saasroots-com"" --registry ""resources/targets.canonical.yaml"" --persist --scout-dir ""resources/scout-results"" --update-registry --engine playwright",https://saasroots.com/,https://saasroots.com/get-started,https://saasroots.com/,2026-05-22T17:32:09.907Z,,2,2,2,2,2,91wink,auth_signal,SaaS Roots 是发现高效软件的起点。
47,P0,250,smartkithub-com,https://smartkithub.com,smartkithub.com,assisted,auth_required,unknown,unknown,unknown,manual_login_then_rescout,rescout_after_saved_login_profile,no_real_submission_from_pack; human_review_and_scout_required_before_execution,pricing_unknown_verify_free_path; auth_or_oauth_required; required_fields_unmapped,"Create/login manually, save auth profile ""smartkithub-com"", then re-scout with that profile before any execution.",smartkithub-com,"node src/cli.js auth login --profile ""smartkithub-com"" --url ""https://smartkithub.com/get-started""","node src/cli.js scout ""https://smartkithub.com/"" --auth-profile ""smartkithub-com"" --target-id ""smartkithub-com"" --registry ""resources/targets.canonical.yaml"" --persist --scout-dir ""resources/scout-results"" --update-registry --engine playwright",https://smartkithub.com/,https://smartkithub.com/get-started,https://smartkithub.com/,2026-05-22T17:43:11.727Z,,2,2,2,2,1,91wink,auth_signal,更智能的工具，更出色的结果。
48,P0,250,softwarebolt-com,访问官网,softwarebolt.com,assisted,auth_required,unknown,unknown,unknown,manual_login_then_rescout,rescout_after_saved_login_profile,no_real_submission_from_pack; human_review_and_scout_required_before_execution,pricing_unknown_verify_free_path; auth_or_oauth_required; required_fields_unmapped,"Create/login manually, save auth profile ""softwarebolt-com"", then re-scout with that profile before any execution.",softwarebolt-com,"node src/cli.js auth login --profile ""softwarebolt-com"" --url ""https://softwarebolt.com/get-started""","node src/cli.js scout ""https://softwarebolt.com/"" --auth-profile ""softwarebolt-com"" --target-id ""softwarebolt-com"" --registry ""resources/targets.canonical.yaml"" --persist --scout-dir ""resources/scout-results"" --update-registry --engine playwright",https://softwarebolt.com/,https://softwarebolt.com/get-started,https://softwarebolt.com/,2026-05-22T17:43:26.078Z,,2,2,2,2,2,91wink,auth_signal,Software Bolt 提供了一条快速通道，通向顶级生产力工具。
49,P0,250,solvertools-com,🔗 访问我们的网站,solvertools.com,assisted,auth_required,unknown,unknown,unknown,manual_login_then_rescout,rescout_after_saved_login_profile,no_real_submission_from_pack; human_review_and_scout_required_before_execution,pricing_unknown_verify_free_path; auth_or_oauth_required; required_fields_unmapped,"Create/login manually, save auth profile ""solvertools-com"", then re-scout with that profile before any execution.",solvertools-com,"node src/cli.js auth login --profile ""solvertools-com"" --url ""https://solvertools.com/get-started""","node src/cli.js scout ""https://solvertools.com/"" --auth-profile ""solvertools-com"" --target-id ""solvertools-com"" --registry ""resources/targets.canonical.yaml"" --persist --scout-dir ""resources/scout-results"" --update-registry --engine playwright",https://solvertools.com/,https://solvertools.com/get-started,https://solvertools.com/,2026-05-22T17:44:24.884Z,,2,2,2,2,1,91wink,auth_signal,Solver Tools is the solution hub for efficient software. Discover tools that help solve productivity challenges.
50,P0,250,sourcedir-com,https://sourcedir.com/,sourcedir.com,assisted,auth_required,unknown,unknown,unknown,manual_login_then_rescout,rescout_after_saved_login_profile,no_real_submission_from_pack; human_review_and_scout_required_before_execution,pricing_unknown_verify_free_path; auth_or_oauth_required; required_fields_unmapped,"Create/login manually, save auth profile ""sourcedir-com"", then re-scout with that profile before any execution.",sourcedir-com,"node src/cli.js auth login --profile ""sourcedir-com"" --url ""https://sourcedir.com/get-started""","node src/cli.js scout ""https://sourcedir.com/"" --auth-profile ""sourcedir-com"" --target-id ""sourcedir-com"" --registry ""resources/targets.canonical.yaml"" --persist --scout-dir ""resources/scout-results"" --update-registry --engine playwright",https://sourcedir.com/,https://sourcedir.com/get-started,https://sourcedir.com/,2026-05-23T00:48:08.433Z,,2,2,2,2,2,91wink,auth_signal,体验专为专业人士精心挑选的高端 AI 工具
51,P0,250,stackdirectory-com,https://stackdirectory.com/,stackdirectory.com,assisted,auth_required,unknown,unknown,unknown,manual_login_then_rescout,rescout_after_saved_login_profile,no_real_submission_from_pack; human_review_and_scout_required_before_execution,pricing_unknown_verify_free_path; auth_or_oauth_required; required_fields_unmapped,"Create/login manually, save auth profile ""stackdirectory-com"", then re-scout with that profile before any execution.",stackdirectory-com,"node src/cli.js auth login --profile ""stackdirectory-com"" --url ""https://stackdirectory.com/get-started""","node src/cli.js scout ""https://stackdirectory.com/"" --auth-profile ""stackdirectory-com"" --target-id ""stackdirectory-com"" --registry ""resources/targets.canonical.yaml"" --persist --scout-dir ""resources/scout-results"" --update-registry --engine playwright",https://stackdirectory.com/,https://stackdirectory.com/get-started,https://stackdirectory.com/,2026-05-23T00:49:19.853Z,,2,2,2,2,2,91wink,auth_signal,Stack Directory 是生产力汇聚之地。发现满足您各种需求的必备软件解决方案。
52,P0,250,startupvessel-com,https://startupvessel.com/,startupvessel.com,assisted,auth_required,unknown,unknown,unknown,manual_login_then_rescout,rescout_after_saved_login_profile,no_real_submission_from_pack; human_review_and_scout_required_before_execution,pricing_unknown_verify_free_path; auth_or_oauth_required; required_fields_unmapped,"Create/login manually, save auth profile ""startupvessel-com"", then re-scout with that profile before any execution.",startupvessel-com,"node src/cli.js auth login --profile ""startupvessel-com"" --url ""https://startupvessel.com/get-started""","node src/cli.js scout ""https://startupvessel.com/"" --auth-profile ""startupvessel-com"" --target-id ""startupvessel-com"" --registry ""resources/targets.canonical.yaml"" --persist --scout-dir ""resources/scout-results"" --update-registry --engine playwright",https://startupvessel.com/,https://startupvessel.com/get-started,https://startupvessel.com/,2026-05-23T00:59:32.130Z,,2,2,2,2,1,91wink,auth_signal,Startup Vessel 帮助你找到适合你旅程的工具。发现量身定制的解决方案，提升你的生产力。
53,P0,250,theapptools-com,https://theapptools.com/,theapptools.com,assisted,auth_required,unknown,unknown,unknown,manual_login_then_rescout,rescout_after_saved_login_profile,no_real_submission_from_pack; human_review_and_scout_required_before_execution,pricing_unknown_verify_free_path; auth_or_oauth_required; required_fields_unmapped,"Create/login manually, save auth profile ""theapptools-com"", then re-scout with that profile before any execution.",theapptools-com,"node src/cli.js auth login --profile ""theapptools-com"" --url ""https://theapptools.com/get-started""","node src/cli.js scout ""https://theapptools.com/"" --auth-profile ""theapptools-com"" --target-id ""theapptools-com"" --registry ""resources/targets.canonical.yaml"" --persist --scout-dir ""resources/scout-results"" --update-registry --engine playwright",https://theapptools.com/,https://theapptools.com/get-started,https://theapptools.com/,2026-05-23T02:02:54.343Z,,2,2,2,2,2,91wink,auth_signal,App Tools 目录汇集了提升工作效率的软件工具。
54,P0,250,thecoretools-com,https://thecoretools.com,thecoretools.com,assisted,auth_required,unknown,unknown,unknown,manual_login_then_rescout,rescout_after_saved_login_profile,no_real_submission_from_pack; human_review_and_scout_required_before_execution,pricing_unknown_verify_free_path; auth_or_oauth_required; required_fields_unmapped,"Create/login manually, save auth profile ""thecoretools-com"", then re-scout with that profile before any execution.",thecoretools-com,"node src/cli.js auth login --profile ""thecoretools-com"" --url ""https://thecoretools.com/get-started""","node src/cli.js scout ""https://thecoretools.com/"" --auth-profile ""thecoretools-com"" --target-id ""thecoretools-com"" --registry ""resources/targets.canonical.yaml"" --persist --scout-dir ""resources/scout-results"" --update-registry --engine playwright",https://thecoretools.com/,https://thecoretools.com/get-started,https://thecoretools.com/,2026-05-23T02:03:07.223Z,,2,2,2,2,1,91wink,auth_signal,The Core Tools 专注于核心生产力软件。探索能提升你日常任务效率的关键解决方案。
55,P0,250,tinytoolhub-com,https://tinytoolhub.com,tinytoolhub.com,assisted,auth_required,unknown,unknown,unknown,manual_login_then_rescout,rescout_after_saved_login_profile,no_real_submission_from_pack; human_review_and_scout_required_before_execution,pricing_unknown_verify_free_path; auth_or_oauth_required; required_fields_unmapped,"Create/login manually, save auth profile ""tinytoolhub-com"", then re-scout with that profile before any execution.",tinytoolhub-com,"node src/cli.js auth login --profile ""tinytoolhub-com"" --url ""https://tinytoolhub.com/get-started""","node src/cli.js scout ""https://tinytoolhub.com/"" --auth-profile ""tinytoolhub-com"" --target-id ""tinytoolhub-com"" --registry ""resources/targets.canonical.yaml"" --persist --scout-dir ""resources/scout-results"" --update-registry --engine playwright",https://tinytoolhub.com/,https://tinytoolhub.com/get-started,https://tinytoolhub.com/,2026-05-23T02:08:24.092Z,,2,2,1,1,2,91wink,auth_signal,Tiny Tool Hub 提供了一套紧凑高效的软件合集。发现这些小巧却强大的工具，提升你的工作效率。
56,P0,250,toolcosmos-com,https://toolcosmos.com,toolcosmos.com,assisted,auth_required,unknown,unknown,unknown,manual_login_then_rescout,rescout_after_saved_login_profile,no_real_submission_from_pack; human_review_and_scout_required_before_execution,pricing_unknown_verify_free_path; auth_or_oauth_required; required_fields_unmapped,"Create/login manually, save auth profile ""toolcosmos-com"", then re-scout with that profile before any execution.",toolcosmos-com,"node src/cli.js auth login --profile ""toolcosmos-com"" --url ""https://toolcosmos.com/get-started""","node src/cli.js scout ""https://toolcosmos.com/"" --auth-profile ""toolcosmos-com"" --target-id ""toolcosmos-com"" --registry ""resources/targets.canonical.yaml"" --persist --scout-dir ""resources/scout-results"" --update-registry --engine playwright",https://toolcosmos.com/,https://toolcosmos.com/get-started,https://toolcosmos.com/,2026-05-23T02:09:35.261Z,,2,2,1,1,2,91wink,auth_signal,Tool Cosmos 是一个生产力软件的宇宙。 寻找能高效帮助你实现目标的解决方案。
57,P0,250,toolfinddir-com,https://toolfinddir.com,toolfinddir.com,assisted,auth_required,unknown,unknown,unknown,manual_login_then_rescout,rescout_after_saved_login_profile,no_real_submission_from_pack; human_review_and_scout_required_before_execution,pricing_unknown_verify_free_path; auth_or_oauth_required; required_fields_unmapped,"Create/login manually, save auth profile ""toolfinddir-com"", then re-scout with that profile before any execution.",toolfinddir-com,"node src/cli.js auth login --profile ""toolfinddir-com"" --url ""https://toolfinddir.com/get-started""","node src/cli.js scout ""https://toolfinddir.com/"" --auth-profile ""toolfinddir-com"" --target-id ""toolfinddir-com"" --registry ""resources/targets.canonical.yaml"" --persist --scout-dir ""resources/scout-results"" --update-registry --engine playwright",https://toolfinddir.com/,https://toolfinddir.com/get-started,https://toolfinddir.com/,2026-05-23T02:09:52.192Z,,2,2,1,1,2,91wink,auth_signal,Tool Find Dir 让寻找合适的软件变得轻而易举。探索旨在提升你工作效率的工具。
58,P0,250,toolsignal-com,https://toolsignal.com/,toolsignal.com,assisted,auth_required,unknown,unknown,unknown,manual_login_then_rescout,rescout_after_saved_login_profile,no_real_submission_from_pack; human_review_and_scout_required_before_execution,pricing_unknown_verify_free_path; auth_or_oauth_required; required_fields_unmapped,"Create/login manually, save auth profile ""toolsignal-com"", then re-scout with that profile before any execution.",toolsignal-com,"node src/cli.js auth login --profile ""toolsignal-com"" --url ""https://toolsignal.com/get-started""","node src/cli.js scout ""https://toolsignal.com/"" --auth-profile ""toolsignal-com"" --target-id ""toolsignal-com"" --registry ""resources/targets.canonical.yaml"" --persist --scout-dir ""resources/scout-results"" --update-registry --engine playwright",https://toolsignal.com/,https://toolsignal.com/get-started,https://toolsignal.com/,2026-05-23T02:18:56.133Z,,2,2,1,1,2,91wink,auth_signal,探索最佳的 AI 工具、SaaS 解决方案和软件，提升你的工作效率。找到最适合你工作流程的工具。
59,P0,250,toolslisthq-com,https://toolslisthq.com,toolslisthq.com,assisted,auth_required,unknown,unknown,unknown,manual_login_then_rescout,rescout_after_saved_login_profile,no_real_submission_from_pack; human_review_and_scout_required_before_execution,pricing_unknown_verify_free_path; auth_or_oauth_required; required_fields_unmapped,"Create/login manually, save auth profile ""toolslisthq-com"", then re-scout with that profile before any execution.",toolslisthq-com,"node src/cli.js auth login --profile ""toolslisthq-com"" --url ""https://toolslisthq.com/get-started""","node src/cli.js scout ""https://toolslisthq.com/"" --auth-profile ""toolslisthq-com"" --target-id ""toolslisthq-com"" --registry ""resources/targets.canonical.yaml"" --persist --scout-dir ""resources/scout-results"" --update-registry --engine playwright",https://toolslisthq.com/,https://toolslisthq.com/get-started,https://toolslisthq.com/,2026-05-23T02:19:11.145Z,,2,2,2,2,2,91wink,auth_signal,Tools List HQ 是全面软件清单的权威来源。一站式查找你所需的所有工具。
60,P0,250,toolsunderradar-com,https://toolsunderradar.com,toolsunderradar.com,assisted,auth_required,unknown,unknown,unknown,manual_login_then_rescout,rescout_after_saved_login_profile,no_real_submission_from_pack; human_review_and_scout_required_before_execution,pricing_unknown_verify_free_path; auth_or_oauth_required; required_fields_unmapped,"Create/login manually, save auth profile ""toolsunderradar-com"", then re-scout with that profile before any execution.",toolsunderradar-com,"node src/cli.js auth login --profile ""toolsunderradar-com"" --url ""https://toolsunderradar.com/get-started""","node src/cli.js scout ""https://toolsunderradar.com/"" --auth-profile ""toolsunderradar-com"" --target-id ""toolsunderradar-com"" --registry ""resources/targets.canonical.yaml"" --persist --scout-dir ""resources/scout-results"" --update-registry --engine playwright",https://toolsunderradar.com/,https://toolsunderradar.com/get-started,https://toolsunderradar.com/,2026-05-23T02:20:58.242Z,,2,2,1,1,1,91wink,auth_signal,Tools Under Radar 揭秘被埋没的软件宝藏与创新解决方案。 在它们走向主流之前，抢先发现强大工具。
61,P0,250,toptrendtools-com,https://toptrendtools.com/,toptrendtools.com,assisted,auth_required,unknown,unknown,unknown,manual_login_then_rescout,rescout_after_saved_login_profile,no_real_submission_from_pack; human_review_and_scout_required_before_execution,pricing_unknown_verify_free_path; auth_or_oauth_required; required_fields_unmapped,"Create/login manually, save auth profile ""toptrendtools-com"", then re-scout with that profile before any execution.",toptrendtools-com,"node src/cli.js auth login --profile ""toptrendtools-com"" --url ""https://toptrendtools.com/get-started""","node src/cli.js scout ""https://toptrendtools.com/"" --auth-profile ""toptrendtools-com"" --target-id ""toptrendtools-com"" --registry ""resources/targets.canonical.yaml"" --persist --scout-dir ""resources/scout-results"" --update-registry --engine playwright",https://toptrendtools.com/,https://toptrendtools.com/get-started,https://toptrendtools.com/,2026-05-23T02:23:46.572Z,,2,2,1,1,2,91wink,auth_signal,Top Trend Tools 让您随时了解最受欢迎和最具影响力的软件。使用未来的工具，领先一步。
62,P0,250,toshilist-com,https://toshilist.com,toshilist.com,assisted,auth_required,unknown,unknown,unknown,manual_login_then_rescout,rescout_after_saved_login_profile,no_real_submission_from_pack; human_review_and_scout_required_before_execution,pricing_unknown_verify_free_path; auth_or_oauth_required; required_fields_unmapped,"Create/login manually, save auth profile ""toshilist-com"", then re-scout with that profile before any execution.",toshilist-com,"node src/cli.js auth login --profile ""toshilist-com"" --url ""https://toshilist.com/get-started""","node src/cli.js scout ""https://toshilist.com/"" --auth-profile ""toshilist-com"" --target-id ""toshilist-com"" --registry ""resources/targets.canonical.yaml"" --persist --scout-dir ""resources/scout-results"" --update-registry --engine playwright",https://toshilist.com/,https://toshilist.com/get-started,https://toshilist.com/,2026-05-23T02:24:01.163Z,,2,2,1,1,1,91wink,auth_signal,Toshi List 提供精心策划的关键软件与资源精选。
63,P0,250,trustiner-com,https://trustiner.com,trustiner.com,assisted,auth_required,unknown,unknown,unknown,manual_login_then_rescout,rescout_after_saved_login_profile,no_real_submission_from_pack; human_review_and_scout_required_before_execution,pricing_unknown_verify_free_path; auth_or_oauth_required; required_fields_unmapped,"Create/login manually, save auth profile ""trustiner-com"", then re-scout with that profile before any execution.",trustiner-com,"node src/cli.js auth login --profile ""trustiner-com"" --url ""https://trustiner.com/get-started""","node src/cli.js scout ""https://trustiner.com/"" --auth-profile ""trustiner-com"" --target-id ""trustiner-com"" --registry ""resources/targets.canonical.yaml"" --persist --scout-dir ""resources/scout-results"" --update-registry --engine playwright",https://trustiner.com/,https://trustiner.com/get-started,https://trustiner.com/,2026-05-23T02:25:09.066Z,,2,2,2,2,1,91wink,auth_signal,Trustiner 提供值得信赖的可靠工具和关键资源。使用经过验证的解决方案，自信地构建未来。
64,P0,250,weliketools-com,https://weliketools.com,weliketools.com,assisted,auth_required,unknown,unknown,unknown,manual_login_then_rescout,rescout_after_saved_login_profile,no_real_submission_from_pack; human_review_and_scout_required_before_execution,pricing_unknown_verify_free_path; auth_or_oauth_required; required_fields_unmapped,"Create/login manually, save auth profile ""weliketools-com"", then re-scout with that profile before any execution.",weliketools-com,"node src/cli.js auth login --profile ""weliketools-com"" --url ""https://weliketools.com/get-started""","node src/cli.js scout ""https://weliketools.com/"" --auth-profile ""weliketools-com"" --target-id ""weliketools-com"" --registry ""resources/targets.canonical.yaml"" --persist --scout-dir ""resources/scout-results"" --update-registry --engine playwright",https://weliketools.com/,https://weliketools.com/get-started,https://weliketools.com/,2026-05-23T02:45:11.019Z,,2,2,2,2,1,91wink,auth_signal,您的全面 AI 工具、SaaS 平台和软件解决方案目录。
70,P1,210,orbic-ai,Orbic AI,orbic.ai,assisted,new,free,medium,unknown,manual_login_then_rescout,rescout_after_saved_login_profile,no_real_submission_from_pack; human_review_and_scout_required_before_execution,auth_or_oauth_required; manual_surface_review_required; no_persisted_form_evidence,"Create/login manually, save auth profile ""orbic-ai"", then re-scout with that profile before any execution.",orbic-ai,"node src/cli.js auth login --profile ""orbic-ai"" --url ""https://orbic.ai/login?callbackUrl=https%3A%2F%2Forbic.ai%2Fsubmit%2Ftools""","node src/cli.js scout ""https://orbic.ai/login?callbackUrl=https%3A%2F%2Forbic.ai%2Fsubmit%2Ftools"" --auth-profile ""orbic-ai"" --target-id ""orbic-ai"" --registry ""resources/targets.canonical.yaml"" --persist --scout-dir ""resources/scout-results"" --update-registry --engine playwright",https://orbic.ai/login?callbackUrl=https%3A%2F%2Forbic.ai%2Fsubmit%2Ftools,,https://orbic.ai/,,,0,0,0,0,0,notion,auth_or_manual_signal,
71,P1,210,promoteproject,PromoteProject,promoteproject.com,assisted,new,free,medium,unknown,manual_login_then_rescout,rescout_after_saved_login_profile,no_real_submission_from_pack; human_review_and_scout_required_before_execution,auth_or_oauth_required; manual_surface_review_required; no_persisted_form_evidence,"Create/login manually, save auth profile ""promoteproject"", then re-scout with that profile before any execution.",promoteproject,"node src/cli.js auth login --profile ""promoteproject"" --url ""https://www.promoteproject.com/login""","node src/cli.js scout ""https://www.promoteproject.com/login"" --auth-profile ""promoteproject"" --target-id ""promoteproject"" --registry ""resources/targets.canonical.yaml"" --persist --scout-dir ""resources/scout-results"" --update-registry --engine playwright",https://www.promoteproject.com/login,,https://www.promoteproject.com/,,,0,0,0,0,0,notion,auth_or_manual_signal,
72,P1,210,tool-ai,Tool AI,toolai.io,assisted,new,free,medium,unknown,manual_login_then_rescout,rescout_after_saved_login_profile,no_real_submission_from_pack; human_review_and_scout_required_before_execution,auth_or_oauth_required; manual_surface_review_required; no_persisted_form_evidence,"Create/login manually, save auth profile ""tool-ai"", then re-scout with that profile before any execution.",tool-ai,"node src/cli.js auth login --profile ""tool-ai"" --url ""https://toolai.io/Login?ReturnUrl=%2Fen%2Fsubmit""","node src/cli.js scout ""https://toolai.io/Login?ReturnUrl=%2Fen%2Fsubmit"" --auth-profile ""tool-ai"" --target-id ""tool-ai"" --registry ""resources/targets.canonical.yaml"" --persist --scout-dir ""resources/scout-results"" --update-registry --engine playwright",https://toolai.io/Login?ReturnUrl=%2Fen%2Fsubmit,,https://toolai.io/,,,0,0,0,0,0,notion,auth_or_manual_signal,
79,P1,190,aitoptools,AITopTools,aitoptools.com,assisted,new,unknown,medium,en,manual_login_then_rescout,rescout_after_saved_login_profile,no_real_submission_from_pack; human_review_and_scout_required_before_execution,pricing_unknown_verify_free_path; auth_or_oauth_required; manual_surface_review_required; no_persisted_form_evidence,"Create/login manually, save auth profile ""aitoptools"", then re-scout with that profile before any execution.",aitoptools,"node src/cli.js auth login --profile ""aitoptools"" --url ""https://aitoptools.com/login?redirect_to=submit""","node src/cli.js scout ""https://aitoptools.com/login?redirect_to=submit"" --auth-profile ""aitoptools"" --target-id ""aitoptools"" --registry ""resources/targets.canonical.yaml"" --persist --scout-dir ""resources/scout-results"" --update-registry --engine playwright",https://aitoptools.com/login?redirect_to=submit,,https://aitoptools.com/,,,0,0,0,0,0,targets.yaml,auth_or_manual_signal,Requires login
80,P1,190,betalist,Betalist,betalist.com,assisted,new,unknown,medium,en,manual_login_then_rescout,rescout_after_saved_login_profile,no_real_submission_from_pack; human_review_and_scout_required_before_execution,pricing_unknown_verify_free_path; auth_or_oauth_required; manual_surface_review_required; no_persisted_form_evidence,"Create/login manually, save auth profile ""betalist"", then re-scout with that profile before any execution.",betalist,"node src/cli.js auth login --profile ""betalist"" --url ""https://betalist.com/users/sign_in""","node src/cli.js scout ""https://betalist.com/users/sign_in"" --auth-profile ""betalist"" --target-id ""betalist"" --registry ""resources/targets.canonical.yaml"" --persist --scout-dir ""resources/scout-results"" --update-registry --engine playwright",https://betalist.com/users/sign_in,,https://betalist.com/,,,0,0,0,0,0,targets.yaml,auth_or_manual_signal,Requires login
81,P1,190,broadwise-org,Broadwise.org,broadwise.org,assisted,new,unknown,medium,en,manual_login_then_rescout,rescout_after_saved_login_profile,no_real_submission_from_pack; human_review_and_scout_required_before_execution,pricing_unknown_verify_free_path; auth_or_oauth_required; manual_surface_review_required; no_persisted_form_evidence,"Create/login manually, save auth profile ""broadwise-org"", then re-scout with that profile before any execution.",broadwise-org,"node src/cli.js auth login --profile ""broadwise-org"" --url ""https://broadwise.org/t/how-to-promote-your-startup-on-broadwise-org/125""","node src/cli.js scout ""https://broadwise.org/t/how-to-promote-your-startup-on-broadwise-org/125"" --auth-profile ""broadwise-org"" --target-id ""broadwise-org"" --registry ""resources/targets.canonical.yaml"" --persist --scout-dir ""resources/scout-results"" --update-registry --engine playwright",https://broadwise.org/t/how-to-promote-your-startup-on-broadwise-org/125,,https://broadwise.org/,,,0,0,0,0,0,targets.yaml,auth_or_manual_signal,"Community, needs account"
