priority,priority_score,review_row,review_decision,review_decision_options,review_action,review_instruction,review_notes,reviewed_by,submission_url_override,canonical_name,pricing,lang,classification,candidate_import_recommendation,url,domain,occurrence_count,source_files,source_locations,registry_target_ids,registry_submit_urls,discovery_sources,discovery_source_types,discovery_source_urls,discovery_titles,discovery_platform_types,discovery_methods,discovery_relevance_max,discovery_relevance_values,discovery_pricing_signals,discovery_lang_signals,discovery_queries,discovery_discovered_rounds,discovery_discovered_ats,discovery_notes,discovery_signal_score,discovery_review_hint,discovery_review_flags
P0,337,75,,approved_domain_variant | reject_duplicate | reject_not_submit | reject_paid | reject_auth_required,verify_distinct_submit_url_for_existing_domain,use_approved_domain_variant_only_if_this_is_a_distinct_valid_submit_url,Browser and HTTP review 2026-05-28: aiscout.net root and /submit and existing registry path /submit-listing/details all return QUIC.cloud ERROR 520 origin unreachable. Kept undecided because outage-only evidence does not prove whether /submit is a distinct valid submit URL.,browser_read_only_review,,aiscout.net,unknown,unknown,domain_in_registry_only,review_submit_url,https://aiscout.net/submit,aiscout.net,2,submission-tracker-template.csv; directory-submissions-external-links.md,directory-submissions-external-links.csv:row 20:url; directory-submissions-external-links.md:22,ai-scout; ai-scout-aiscout-net-submit-listing-details,https://aiscout.net/; https://aiscout.net/submit-listing/details,,,,,,,,,,,,,,,0,,
P0,337,79,,approved_domain_variant | reject_duplicate | reject_not_submit | reject_paid | reject_auth_required,verify_distinct_submit_url_for_existing_domain,use_approved_domain_variant_only_if_this_is_a_distinct_valid_submit_url,Browser and HTTP review 2026-05-28: aitoolsdirectory.com root and /submit time out while existing registry path www.aitoolsdirectory.com/submit-tool returns Cloudflare ERROR 525 SSL handshake failed. Kept undecided because infrastructure failure does not prove whether /submit is a distinct valid submit URL.,browser_read_only_review,,aitoolsdirectory.com,unknown,unknown,domain_in_registry_only,review_submit_url,https://aitoolsdirectory.com/submit,aitoolsdirectory.com,2,submission-tracker-template.csv; directory-submissions-external-links.md,directory-submissions-external-links.csv:row 25:url; directory-submissions-external-links.md:27,aitoolsdirectory,https://aitoolsdirectory.com/submit-tool,,,,,,,,,,,,,,,0,,
P0,187,63,,approved | reject_not_submit | reject_paid | reject_auth_required,verify_submit_form_then_approve_or_reject,verify_submit_form_before_approval,Browser and DNS review 2026-05-28: ai.xyz currently fails name resolution in browser with DNS_PROBE_FINISHED_NXDOMAIN and programmatic checks still fail DNS. Kept undecided because transient DNS failure alone is not enough to reject a potential submit surface.,browser_dns_read_only_review,,ai.xyz,unknown,unknown,missing_domain,review_submit_url,https://ai.xyz/submit,ai.xyz,2,submission-tracker-template.csv; directory-submissions-external-links.md,directory-submissions-external-links.csv:row 7:url; directory-submissions-external-links.md:9,,,,,,,,,,,,,,,,,0,,
P2,37,142,,approved | reject_not_directory | reject_not_submit | reject_paid | reject_auth_required,verify_directory_fit_before_any_approval,verify_directory_fit_before_approval,,,,blogarama.com,unknown,unknown,missing_domain,needs_manual_review,https://www.blogarama.com/,blogarama.com,2,submission-tracker-template.csv; directory-submissions-external-links.md,directory-submissions-external-links.csv:row 157:url; directory-submissions-external-links.md:159,,,,,,,,,,,,,,,,,0,,
P2,37,238,,approved | reject_not_directory | reject_not_submit | reject_paid | reject_auth_required,verify_directory_fit_before_any_approval,verify_directory_fit_before_approval,,,,ezinearticles.com,unknown,unknown,missing_domain,needs_manual_review,https://ezinearticles.com/,ezinearticles.com,2,submission-tracker-template.csv; directory-submissions-external-links.md,directory-submissions-external-links.csv:row 58:url; directory-submissions-external-links.md:60,,,,,,,,,,,,,,,,,0,,
P2,37,251,,approved | reject_not_directory | reject_not_submit | reject_paid | reject_auth_required,verify_directory_fit_before_any_approval,verify_directory_fit_before_approval,,,,finduslocal.com,unknown,unknown,missing_domain,needs_manual_review,https://www.finduslocal.com/,finduslocal.com,2,submission-tracker-template.csv; directory-submissions-external-links.md,directory-submissions-external-links.csv:row 182:url; directory-submissions-external-links.md:184,,,,,,,,,,,,,,,,,0,,
P2,37,295,,approved | reject_not_directory | reject_not_submit | reject_paid | reject_auth_required,verify_directory_fit_before_any_approval,verify_directory_fit_before_approval,,,,gravatar.com,unknown,unknown,missing_domain,needs_manual_review,https://gravatar.com/,gravatar.com,2,submission-tracker-template.csv; directory-submissions-external-links.md,directory-submissions-external-links.csv:row 72:url; directory-submissions-external-links.md:74,,,,,,,,,,,,,,,,,0,,
P2,37,297,,approved | reject_not_directory | reject_not_submit | reject_paid | reject_auth_required,verify_directory_fit_before_any_approval,verify_directory_fit_before_approval,,,,growthhackers.com,unknown,unknown,missing_domain,needs_manual_review,https://growthhackers.com/,growthhackers.com,2,submission-tracker-template.csv; directory-submissions-external-links.md,directory-submissions-external-links.csv:row 73:url; directory-submissions-external-links.md:75,,,,,,,,,,,,,,,,,0,,
P2,37,303,,approved | reject_not_directory | reject_not_submit | reject_paid | reject_auth_required,verify_directory_fit_before_any_approval,verify_directory_fit_before_approval,,,,hg.org,unknown,unknown,missing_domain,needs_manual_review,https://www.hg.org/,hg.org,2,submission-tracker-template.csv; directory-submissions-external-links.md,directory-submissions-external-links.csv:row 190:url; directory-submissions-external-links.md:192,,,,,,,,,,,,,,,,,0,,
P2,37,310,,approved | reject_not_directory | reject_not_submit | reject_paid | reject_auth_required,verify_directory_fit_before_any_approval,verify_directory_fit_before_approval,,,,imgur.com,unknown,unknown,missing_domain,needs_manual_review,https://imgur.com/,imgur.com,2,submission-tracker-template.csv; directory-submissions-external-links.md,directory-submissions-external-links.csv:row 77:url; directory-submissions-external-links.md:79,,,,,,,,,,,,,,,,,0,,
P2,26,212,,approved | reject_not_directory | reject_not_submit | reject_paid | reject_auth_required,verify_directory_fit_before_any_approval,verify_directory_fit_before_approval,,,,dinnerwithjulie.com,unknown,unknown,missing_domain,needs_manual_review,https://www.dinnerwithjulie.com/2019/12/23/kaiserschmarrn-torn-shredded-pancake,dinnerwithjulie.com,1,resources/backlink-resources.json,resources/backlink-resources.json:1467,,,,,,,,,,,,,,,,,0,,
P2,26,213,,approved | reject_not_directory | reject_not_submit | reject_paid | reject_auth_required,verify_directory_fit_before_any_approval,verify_directory_fit_before_approval,,,,dinnerwithjulie.com,unknown,unknown,missing_domain,needs_manual_review,https://www.dinnerwithjulie.com/2021/11/03/plant-based-deep-n-delicious-chocolate-cake,dinnerwithjulie.com,1,resources/backlink-resources.json,resources/backlink-resources.json:1115,,,,,,,,,,,,,,,,,0,,
P2,26,214,,approved | reject_not_directory | reject_not_submit | reject_paid | reject_auth_required,verify_directory_fit_before_any_approval,verify_directory_fit_before_approval,,,,dinnerwithjulie.com,unknown,unknown,missing_domain,needs_manual_review,https://www.dinnerwithjulie.com/recipes/butterscotch-pecan-mmmuffins,dinnerwithjulie.com,1,resources/backlink-resources.json,resources/backlink-resources.json:1027,,,,,,,,,,,,,,,,,0,,
P2,26,218,,approved | reject_not_directory | reject_not_submit | reject_paid | reject_auth_required,verify_directory_fit_before_any_approval,verify_directory_fit_before_approval,,,,diythrill.com,unknown,unknown,missing_domain,needs_manual_review,https://diythrill.com/2018/09/23/orange-citrus-poo-pourri-recipe,diythrill.com,1,resources/backlink-resources.json,resources/backlink-resources.json:741,,,,,,,,,,,,,,,,,0,,
P2,26,222,,approved | reject_not_directory | reject_not_submit | reject_paid | reject_auth_required,verify_directory_fit_before_any_approval,verify_directory_fit_before_approval,,,,earthpeopletechnology.com,unknown,unknown,missing_domain,needs_manual_review,https://earthpeopletechnology.com/forums/profile/contractwarn,earthpeopletechnology.com,1,resources/backlink-resources.json,resources/backlink-resources.json:510,,,,,,,,,,,,,,,,,0,,
P2,26,225,,approved | reject_not_directory | reject_not_submit | reject_paid | reject_auth_required,verify_directory_fit_before_any_approval,verify_directory_fit_before_approval,,,,eilentein.com,unknown,unknown,missing_domain,needs_manual_review,http://www.eilentein.com/2019/02/ryijy-ja-kuinka-sen-tein.html,eilentein.com,1,resources/backlink-resources.json,resources/backlink-resources.json:2457,,,,,,,,,,,,,,,,,0,,
P2,26,232,,approved | reject_not_directory | reject_not_submit | reject_paid | reject_auth_required,verify_directory_fit_before_any_approval,verify_directory_fit_before_approval,,,,everythingboardgames.com,unknown,unknown,missing_domain,needs_manual_review,https://everythingboardgames.com/2024/11/exploring-the-world-of-online-board-games.html,everythingboardgames.com,1,resources/backlink-resources.json,resources/backlink-resources.json:2149,,,,,,,,,,,,,,,,,0,,
P2,26,233,,approved | reject_not_directory | reject_not_submit | reject_paid | reject_auth_required,verify_directory_fit_before_any_approval,verify_directory_fit_before_approval,,,,everythingetsy.com,unknown,unknown,missing_domain,needs_manual_review,https://www.everythingetsy.com/2013/02/10-social-media-tips-to-make-you-a-rock-star,everythingetsy.com,1,resources/backlink-resources.json,resources/backlink-resources.json:1863,,,,,,,,,,,,,,,,,0,,
P2,26,237,,approved | reject_not_directory | reject_not_submit | reject_paid | reject_auth_required,verify_directory_fit_before_any_approval,verify_directory_fit_before_approval,,,,exsloth.com,unknown,unknown,missing_domain,needs_manual_review,https://exsloth.com/vegan-breakfast-cookies,exsloth.com,1,resources/backlink-resources.json,resources/backlink-resources.json:2193,,,,,,,,,,,,,,,,,0,,
P2,26,241,,approved | reject_not_directory | reject_not_submit | reject_paid | reject_auth_required,verify_directory_fit_before_any_approval,verify_directory_fit_before_approval,,,,fallfordiy.com,unknown,unknown,missing_domain,needs_manual_review,https://fallfordiy.com/blog/2015/11/18/diy-paint-dipped-advent-calendar-bottles,fallfordiy.com,1,resources/backlink-resources.json,resources/backlink-resources.json:488,,,,,,,,,,,,,,,,,0,,
P2,26,242,,approved | reject_not_directory | reject_not_submit | reject_paid | reject_auth_required,verify_directory_fit_before_any_approval,verify_directory_fit_before_approval,,,,fashionablefoods.com,unknown,unknown,missing_domain,needs_manual_review,https://fashionablefoods.com/2014/10/20/roasted-butternut-squash-and-apple-soup,fashionablefoods.com,1,resources/backlink-resources.json,resources/backlink-resources.json:1852,,,,,,,,,,,,,,,,,0,,
P2,26,243,,approved | reject_not_directory | reject_not_submit | reject_paid | reject_auth_required,verify_directory_fit_before_any_approval,verify_directory_fit_before_approval,,,,fashionablefoods.com,unknown,unknown,missing_domain,needs_manual_review,https://fashionablefoods.com/2014/11/10/2014119turkey-roulade,fashionablefoods.com,1,resources/backlink-resources.json,resources/backlink-resources.json:2380,,,,,,,,,,,,,,,,,0,,
P2,26,244,,approved | reject_not_directory | reject_not_submit | reject_paid | reject_auth_required,verify_directory_fit_before_any_approval,verify_directory_fit_before_approval,,,,fashionablefoods.com,unknown,unknown,missing_domain,needs_manual_review,https://fashionablefoods.com/2014/12/01/2014121make-ahead-monday-shepherds-pie,fashionablefoods.com,1,resources/backlink-resources.json,resources/backlink-resources.json:2105,,,,,,,,,,,,,,,,,0,,
P2,26,245,,approved | reject_not_directory | reject_not_submit | reject_paid | reject_auth_required,verify_directory_fit_before_any_approval,verify_directory_fit_before_approval,,,,fashionablefoods.com,unknown,unknown,missing_domain,needs_manual_review,https://fashionablefoods.com/2014/12/28/creamy-ham-and-pea-pasta,fashionablefoods.com,1,resources/backlink-resources.json,resources/backlink-resources.json:2204,,,,,,,,,,,,,,,,,0,,
P2,26,249,,approved | reject_not_directory | reject_not_submit | reject_paid | reject_auth_required,verify_directory_fit_before_any_approval,verify_directory_fit_before_approval,,,,feettothefire.blogs.wesleyan.edu,unknown,unknown,missing_domain,needs_manual_review,https://feettothefire.blogs.wesleyan.edu/2009/02/26/main-street-marketplace/comment-page-2,feettothefire.blogs.wesleyan.edu,1,resources/backlink-resources.json,resources/backlink-resources.json:466,,,,,,,,,,,,,,,,,0,,
P2,26,253,,approved | reject_not_directory | reject_not_submit | reject_paid | reject_auth_required,verify_directory_fit_before_any_approval,verify_directory_fit_before_approval,,,,fitlivingeats.com,unknown,unknown,missing_domain,needs_manual_review,https://www.fitlivingeats.com/7-easy-everyday-gluten-free-swaps,fitlivingeats.com,1,resources/backlink-resources.json,resources/backlink-resources.json:1214,,,,,,,,,,,,,,,,,0,,
P2,26,254,,approved | reject_not_directory | reject_not_submit | reject_paid | reject_auth_required,verify_directory_fit_before_any_approval,verify_directory_fit_before_approval,,,,fitlivingeats.com,unknown,unknown,missing_domain,needs_manual_review,https://www.fitlivingeats.com/a-festive-holiday-sangria-recipe-tips-for-a-healthier-cocktail,fitlivingeats.com,1,resources/backlink-resources.json,resources/backlink-resources.json:1181,,,,,,,,,,,,,,,,,0,,
P2,26,255,,approved | reject_not_directory | reject_not_submit | reject_paid | reject_auth_required,verify_directory_fit_before_any_approval,verify_directory_fit_before_approval,,,,fitlivingeats.com,unknown,unknown,missing_domain,needs_manual_review,https://www.fitlivingeats.com/how-to-make-homemade-oat-milk,fitlivingeats.com,1,resources/backlink-resources.json,resources/backlink-resources.json:1379,,,,,,,,,,,,,,,,,0,,
P2,26,256,,approved | reject_not_directory | reject_not_submit | reject_paid | reject_auth_required,verify_directory_fit_before_any_approval,verify_directory_fit_before_approval,,,,fitlivingeats.com,unknown,unknown,missing_domain,needs_manual_review,https://www.fitlivingeats.com/how-to-make-juice-without-a-juicer-3-green-juice-recipes,fitlivingeats.com,1,resources/backlink-resources.json,resources/backlink-resources.json:2061,,,,,,,,,,,,,,,,,0,,
P2,26,257,,approved | reject_not_directory | reject_not_submit | reject_paid | reject_auth_required,verify_directory_fit_before_any_approval,verify_directory_fit_before_approval,,,,fitlivingeats.com,unknown,unknown,missing_domain,needs_manual_review,https://www.fitlivingeats.com/qa-founders-motion-matcha-one-go-energy-boosters,fitlivingeats.com,1,resources/backlink-resources.json,resources/backlink-resources.json:1676,,,,,,,,,,,,,,,,,0,,
P2,26,259,,approved | reject_not_directory | reject_not_submit | reject_paid | reject_auth_required,verify_directory_fit_before_any_approval,verify_directory_fit_before_approval,,,,fivereasonssports.com,unknown,unknown,missing_domain,needs_manual_review,https://www.fivereasonssports.com/news/ultimate-miami-heat-fan-travel-guide-tickets-hotels-and-local-hotspots,fivereasonssports.com,1,resources/backlink-resources.json,resources/backlink-resources.json:2435,,,,,,,,,,,,,,,,,0,,
P2,26,262,,approved | reject_not_directory | reject_not_submit | reject_paid | reject_auth_required,verify_directory_fit_before_any_approval,verify_directory_fit_before_approval,,,,flokii.com,unknown,unknown,missing_domain,needs_manual_review,https://flokii.com/users/view/58762,flokii.com,1,resources/backlink-resources.json,resources/backlink-resources.json:895,,,,,,,,,,,,,,,,,0,,
P2,26,264,,approved | reject_not_directory | reject_not_submit | reject_paid | reject_auth_required,verify_directory_fit_before_any_approval,verify_directory_fit_before_approval,,,,forum.epicbrowser.com,unknown,unknown,missing_domain,needs_manual_review,https://forum.epicbrowser.com/profile.php?id=78821,forum.epicbrowser.com,1,resources/backlink-resources.json,resources/backlink-resources.json:1302,,,,,,,,,,,,,,,,,0,,
P2,26,265,,approved | reject_not_directory | reject_not_submit | reject_paid | reject_auth_required,verify_directory_fit_before_any_approval,verify_directory_fit_before_approval,,,,forum.gekko.wizb.it,unknown,unknown,missing_domain,needs_manual_review,https://forum.gekko.wizb.it/user-14910.html,forum.gekko.wizb.it,1,resources/backlink-resources.json,resources/backlink-resources.json:1720,,,,,,,,,,,,,,,,,0,,
P2,26,266,,approved | reject_not_directory | reject_not_submit | reject_paid | reject_auth_required,verify_directory_fit_before_any_approval,verify_directory_fit_before_approval,,,,forum.padowan.dk,unknown,unknown,missing_domain,needs_manual_review,https://forum.padowan.dk/profile.php?id=33438,forum.padowan.dk,1,resources/backlink-resources.json,resources/backlink-resources.json:961,,,,,,,,,,,,,,,,,0,,
P2,26,268,,approved | reject_not_directory | reject_not_submit | reject_paid | reject_auth_required,verify_directory_fit_before_any_approval,verify_directory_fit_before_approval,,,,forums.maxperformanceinc.com,unknown,unknown,missing_domain,needs_manual_review,https://forums.maxperformanceinc.com/forums/member.php?u=202517,forums.maxperformanceinc.com,1,resources/backlink-resources.json,resources/backlink-resources.json:1258,,,,,,,,,,,,,,,,,0,,
P2,26,270,,approved | reject_not_directory | reject_not_submit | reject_paid | reject_auth_required,verify_directory_fit_before_any_approval,verify_directory_fit_before_approval,,,,freesound.org,unknown,unknown,missing_domain,needs_manual_review,https://freesound.org/people/florianreichelt/sounds/440601,freesound.org,1,resources/backlink-resources.json,resources/backlink-resources.json:1225,,,,,,,,,,,,,,,,,0,,
P2,26,276,,approved | reject_not_directory | reject_not_submit | reject_paid | reject_auth_required,verify_directory_fit_before_any_approval,verify_directory_fit_before_approval,,,,ginjfo.com,unknown,unknown,missing_domain,needs_manual_review,https://www.ginjfo.com/actualites/logiciels/jeux-video-logiciels/les-sims-4-fetent-leur-25e-anniversaire-avec-du-nouveau-contenu-massif-20250227,ginjfo.com,1,resources/backlink-resources.json,resources/backlink-resources.json:983,,,,,,,,,,,,,,,,,0,,
P2,26,287,,approved | reject_not_directory | reject_not_submit | reject_paid | reject_auth_required,verify_directory_fit_before_any_approval,verify_directory_fit_before_approval,,,,gizlogic.com,unknown,unknown,missing_domain,needs_manual_review,https://www.gizlogic.com/android-auto-8-4-lanzamiento,gizlogic.com,1,resources/backlink-resources.json,resources/backlink-resources.json:147,,,,,,,,,,,,,,,,,0,,
P2,26,289,,approved | reject_not_directory | reject_not_submit | reject_paid | reject_auth_required,verify_directory_fit_before_any_approval,verify_directory_fit_before_approval,,,,global21.oceansconference.org,unknown,unknown,missing_domain,needs_manual_review,https://global21.oceansconference.org/2019/04/01/join-5000-ocean-technology-experts-at-ocean-business,global21.oceansconference.org,1,resources/backlink-resources.json,resources/backlink-resources.json:1577,,,,,,,,,,,,,,,,,0,,
P2,26,290,,approved | reject_not_directory | reject_not_submit | reject_paid | reject_auth_required,verify_directory_fit_before_any_approval,verify_directory_fit_before_approval,,,,godchild.keenspot.com,unknown,unknown,missing_domain,needs_manual_review,http://godchild.keenspot.com/comic/chapter-3-page-05,godchild.keenspot.com,1,resources/backlink-resources.json,resources/backlink-resources.json:763,,,,,,,,,,,,,,,,,0,,
P2,26,291,,approved | reject_not_directory | reject_not_submit | reject_paid | reject_auth_required,verify_directory_fit_before_any_approval,verify_directory_fit_before_approval,,,,godchild.keenspot.com,unknown,unknown,missing_domain,needs_manual_review,http://godchild.keenspot.com/comic/evolution-of-maggie,godchild.keenspot.com,1,resources/backlink-resources.json,resources/backlink-resources.json:1544,,,,,,,,,,,,,,,,,0,,
P2,26,296,,approved | reject_not_directory | reject_not_submit | reject_paid | reject_auth_required,verify_directory_fit_before_any_approval,verify_directory_fit_before_approval,,,,greenerideal.com,unknown,unknown,missing_domain,needs_manual_review,https://greenerideal.com/wellness/disconnect-to-reconnect-connecting-with-nature-in-the-digital-age,greenerideal.com,1,resources/backlink-resources.json,resources/backlink-resources.json:378,,,,,,,,,,,,,,,,,0,,
P2,26,299,,approved | reject_not_directory | reject_not_submit | reject_paid | reject_auth_required,verify_directory_fit_before_any_approval,verify_directory_fit_before_approval,,,,happyhealthymama.com,unknown,unknown,missing_domain,needs_manual_review,https://happyhealthymama.com/air-fryer-apples-healthy.html,happyhealthymama.com,1,resources/backlink-resources.json,resources/backlink-resources.json:565,,,,,,,,,,,,,,,,,0,,
P2,26,300,,approved | reject_not_directory | reject_not_submit | reject_paid | reject_auth_required,verify_directory_fit_before_any_approval,verify_directory_fit_before_approval,,,,happyhourprojects.com,unknown,unknown,missing_domain,needs_manual_review,https://happyhourprojects.com/snake-bracelet,happyhourprojects.com,1,resources/backlink-resources.json,resources/backlink-resources.json:1610,,,,,,,,,,,,,,,,,0,,
P2,26,302,,approved | reject_not_directory | reject_not_submit | reject_paid | reject_auth_required,verify_directory_fit_before_any_approval,verify_directory_fit_before_approval,,,,help.lametric.com,unknown,unknown,missing_domain,needs_manual_review,https://help.lametric.com/support/discussions/topics/6000067542,help.lametric.com,1,resources/backlink-resources.json,resources/backlink-resources.json:543,,,,,,,,,,,,,,,,,0,,
P2,26,304,,approved | reject_not_directory | reject_not_submit | reject_paid | reject_auth_required,verify_directory_fit_before_any_approval,verify_directory_fit_before_approval,,,,holdtoreset.com,unknown,unknown,missing_domain,needs_manual_review,https://holdtoreset.com/where-is-the-shipwreck-today-in-gta-online,holdtoreset.com,1,resources/backlink-resources.json,resources/backlink-resources.json:367,,,,,,,,,,,,,,,,,0,,
P2,26,315,,approved | reject_not_directory | reject_not_submit | reject_paid | reject_auth_required,verify_directory_fit_before_any_approval,verify_directory_fit_before_approval,,,,iotwreport.com,unknown,unknown,missing_domain,needs_manual_review,https://iotwreport.com/letitia-james-indicted-for-banking-fraud,iotwreport.com,1,resources/backlink-resources.json,resources/backlink-resources.json:2424,,,,,,,,,,,,,,,,,0,,
P2,26,317,,approved | reject_not_directory | reject_not_submit | reject_paid | reject_auth_required,verify_directory_fit_before_any_approval,verify_directory_fit_before_approval,,,,itsfilmedthere.com,unknown,unknown,missing_domain,needs_manual_review,https://www.itsfilmedthere.com/2019/01/whats-happening.html,itsfilmedthere.com,1,resources/backlink-resources.json,resources/backlink-resources.json:2094,,,,,,,,,,,,,,,,,0,,
P2,26,318,,approved | reject_not_directory | reject_not_submit | reject_paid | reject_auth_required,verify_directory_fit_before_any_approval,verify_directory_fit_before_approval,,,,jilliancyork.com,unknown,unknown,missing_domain,needs_manual_review,https://jilliancyork.com/2010/02/20/on-memorability,jilliancyork.com,1,resources/backlink-resources.json,resources/backlink-resources.json:1445,,,,,,,,,,,,,,,,,0,,
P2,26,320,,approved | reject_not_directory | reject_not_submit | reject_paid | reject_auth_required,verify_directory_fit_before_any_approval,verify_directory_fit_before_approval,,,,joaniesimon.com,unknown,unknown,missing_domain,needs_manual_review,https://joaniesimon.com/94f737822923f4567e1a7ce9681e5b9a-2,joaniesimon.com,1,resources/backlink-resources.json,resources/backlink-resources.json:1357,,,,,,,,,,,,,,,,,0,,
P2,26,321,,approved | reject_not_directory | reject_not_submit | reject_paid | reject_auth_required,verify_directory_fit_before_any_approval,verify_directory_fit_before_approval,,,,joaniesimon.com,unknown,unknown,missing_domain,needs_manual_review,https://joaniesimon.com/grilled-lemon-garlic-potato-kabobs/grilled-potato-kabobs-with-lemon-and-garlic,joaniesimon.com,1,resources/backlink-resources.json,resources/backlink-resources.json:191,,,,,,,,,,,,,,,,,0,,
P2,26,322,,approved | reject_not_directory | reject_not_submit | reject_paid | reject_auth_required,verify_directory_fit_before_any_approval,verify_directory_fit_before_approval,,,,jobs.hyperisland.com,unknown,unknown,missing_domain,needs_manual_review,https://jobs.hyperisland.com/company/georgiana-al-usa,jobs.hyperisland.com,1,resources/backlink-resources.json,resources/backlink-resources.json:81,,,,,,,,,,,,,,,,,0,,
P2,26,323,,approved | reject_not_directory | reject_not_submit | reject_paid | reject_auth_required,verify_directory_fit_before_any_approval,verify_directory_fit_before_approval,,,,jonnegroni.com,unknown,unknown,missing_domain,needs_manual_review,https://jonnegroni.com/2017/11/20/cinemaholics-review-justice-league-punisher,jonnegroni.com,1,resources/backlink-resources.json,resources/backlink-resources.json:1511,,,,,,,,,,,,,,,,,0,,
P2,26,327,,approved | reject_not_directory | reject_not_submit | reject_paid | reject_auth_required,verify_directory_fit_before_any_approval,verify_directory_fit_before_approval,,,,kcn.ne.jp,unknown,unknown,missing_domain,needs_manual_review,http://www.kcn.ne.jp/~gorosan/cgi-bin/diarypro/diary.cgi?mode=comment&no=97,kcn.ne.jp,1,resources/backlink-resources.json,resources/backlink-resources.json:1687,,,,,,,,,,,,,,,,,0,,
P2,26,328,,approved | reject_not_directory | reject_not_submit | reject_paid | reject_auth_required,verify_directory_fit_before_any_approval,verify_directory_fit_before_approval,,,,kt.rim.or.jp,unknown,unknown,missing_domain,needs_manual_review,http://www.kt.rim.or.jp/~youie/cgi-bin/nanmeri/nanmeri.cgi?mode=comment&no=224,kt.rim.or.jp,1,resources/backlink-resources.json,resources/backlink-resources.json:598,,,,,,,,,,,,,,,,,0,,
P2,26,329,,approved | reject_not_directory | reject_not_submit | reject_paid | reject_auth_required,verify_directory_fit_before_any_approval,verify_directory_fit_before_approval,,,,kt.rim.or.jp,unknown,unknown,missing_domain,needs_manual_review,http://www.kt.rim.or.jp/~youie/cgi-bin/nanmeri/nanmeri.cgi?mode=comment&no=239,kt.rim.or.jp,1,resources/backlink-resources.json,resources/backlink-resources.json:1588,,,,,,,,,,,,,,,,,0,,
P2,26,330,,approved | reject_not_directory | reject_not_submit | reject_paid | reject_auth_required,verify_directory_fit_before_any_approval,verify_directory_fit_before_approval,,,,labsk.net,unknown,unknown,missing_domain,needs_manual_review,https://labsk.net/index.php?action=profile%3Bu%3D50620,labsk.net,1,resources/backlink-resources.json,resources/backlink-resources.json:1291,,,,,,,,,,,,,,,,,0,,
P2,26,334,,approved | reject_not_directory | reject_not_submit | reject_paid | reject_auth_required,verify_directory_fit_before_any_approval,verify_directory_fit_before_approval,,,,learnalanguage.com,unknown,unknown,missing_domain,needs_manual_review,https://www.learnalanguage.com/blog/italian-greetings-how-are-you-in-italian,learnalanguage.com,1,resources/backlink-resources.json,resources/backlink-resources.json:455,,,,,,,,,,,,,,,,,0,,
P2,26,335,,approved | reject_not_directory | reject_not_submit | reject_paid | reject_auth_required,verify_directory_fit_before_any_approval,verify_directory_fit_before_approval,,,,lilistravelplans.com,unknown,unknown,missing_domain,needs_manual_review,https://www.lilistravelplans.com/best-time-to-visit-tanzania,lilistravelplans.com,1,resources/backlink-resources.json,resources/backlink-resources.json:1874,,,,,,,,,,,,,,,,,0,,
P2,26,336,,approved | reject_not_directory | reject_not_submit | reject_paid | reject_auth_required,verify_directory_fit_before_any_approval,verify_directory_fit_before_approval,,,,lilistravelplans.com,unknown,unknown,missing_domain,needs_manual_review,https://www.lilistravelplans.com/chemka-hot-springs-moshi-tanzania,lilistravelplans.com,1,resources/backlink-resources.json,resources/backlink-resources.json:686,,,,,,,,,,,,,,,,,0,,
P2,26,337,,approved | reject_not_directory | reject_not_submit | reject_paid | reject_auth_required,verify_directory_fit_before_any_approval,verify_directory_fit_before_approval,,,,lilistravelplans.com,unknown,unknown,missing_domain,needs_manual_review,https://www.lilistravelplans.com/materuni-waterfall-moshi-tanzania,lilistravelplans.com,1,resources/backlink-resources.json,resources/backlink-resources.json:2028,,,,,,,,,,,,,,,,,0,,
P2,26,342,,approved | reject_not_directory | reject_not_submit | reject_paid | reject_auth_required,verify_directory_fit_before_any_approval,verify_directory_fit_before_approval,,,,loveandmarriageblog.com,unknown,unknown,missing_domain,needs_manual_review,https://loveandmarriageblog.com/beach-water-cocktail,loveandmarriageblog.com,1,resources/backlink-resources.json,resources/backlink-resources.json:2017,,,,,,,,,,,,,,,,,0,,
P2,26,343,,approved | reject_not_directory | reject_not_submit | reject_paid | reject_auth_required,verify_directory_fit_before_any_approval,verify_directory_fit_before_approval,,,,lovestrategies.com,unknown,unknown,missing_domain,needs_manual_review,https://lovestrategies.com/are-you-a-walking-red-flag-7-habits-that-might-be-sabotaging-your-love-life,lovestrategies.com,1,resources/backlink-resources.json,resources/backlink-resources.json:1093,,,,,,,,,,,,,,,,,0,,
P2,26,344,,approved | reject_not_directory | reject_not_submit | reject_paid | reject_auth_required,verify_directory_fit_before_any_approval,verify_directory_fit_before_approval,,,,lovestrategies.com,unknown,unknown,missing_domain,needs_manual_review,https://lovestrategies.com/types-of-guys-who-stay-single,lovestrategies.com,1,resources/backlink-resources.json,resources/backlink-resources.json:2039,,,,,,,,,,,,,,,,,0,,
P2,26,345,,approved | reject_not_directory | reject_not_submit | reject_paid | reject_auth_required,verify_directory_fit_before_any_approval,verify_directory_fit_before_approval,,,,madrimasd.org,unknown,unknown,missing_domain,needs_manual_review,https://www.madrimasd.org/blogs/astrofisica/2022/05/20/134942,madrimasd.org,1,resources/backlink-resources.json,resources/backlink-resources.json:1951,,,,,,,,,,,,,,,,,0,,
P2,26,346,,approved | reject_not_directory | reject_not_submit | reject_paid | reject_auth_required,verify_directory_fit_before_any_approval,verify_directory_fit_before_approval,,,,madrimasd.org,unknown,unknown,missing_domain,needs_manual_review,https://www.madrimasd.org/blogs/matematicas/2024/02/11/150483,madrimasd.org,1,resources/backlink-resources.json,resources/backlink-resources.json:213,,,,,,,,,,,,,,,,,0,,
P2,26,347,,approved | reject_not_directory | reject_not_submit | reject_paid | reject_auth_required,verify_directory_fit_before_any_approval,verify_directory_fit_before_approval,,,,mae.gov.bi,unknown,unknown,missing_domain,needs_manual_review,https://www.mae.gov.bi/en/an-audience-with-the-iom-head-of-the-mission-in-burundi,mae.gov.bi,1,resources/backlink-resources.json,resources/backlink-resources.json:1654,,,,,,,,,,,,,,,,,0,,
P2,26,348,,approved | reject_not_directory | reject_not_submit | reject_paid | reject_auth_required,verify_directory_fit_before_any_approval,verify_directory_fit_before_approval,,,,mae.gov.bi,unknown,unknown,missing_domain,needs_manual_review,https://www.mae.gov.bi/en/vacancy-announcement,mae.gov.bi,1,resources/backlink-resources.json,resources/backlink-resources.json:631,,,,,,,,,,,,,,,,,0,,
P2,26,349,,approved | reject_not_directory | reject_not_submit | reject_paid | reject_auth_required,verify_directory_fit_before_any_approval,verify_directory_fit_before_approval,,,,majalahsains.com,unknown,unknown,missing_domain,needs_manual_review,https://www.majalahsains.com/careers/employer/lawrence,majalahsains.com,1,resources/backlink-resources.json,resources/backlink-resources.json:1269,,,,,,,,,,,,,,,,,0,,
P2,26,353,,approved | reject_not_directory | reject_not_submit | reject_paid | reject_auth_required,verify_directory_fit_before_any_approval,verify_directory_fit_before_approval,,,,makeupsavvy.co.uk,unknown,unknown,missing_domain,needs_manual_review,https://www.makeupsavvy.co.uk/2019/12/best-budget-concealers-for-pale-skin-2019.html,makeupsavvy.co.uk,1,resources/backlink-resources.json,resources/backlink-resources.json:1753,,,,,,,,,,,,,,,,,0,,
P2,26,354,,approved | reject_not_directory | reject_not_submit | reject_paid | reject_auth_required,verify_directory_fit_before_any_approval,verify_directory_fit_before_approval,,,,mangoandsalt.com,unknown,unknown,missing_domain,needs_manual_review,https://www.mangoandsalt.com/2023/05/04/galgos-podencos-tout-savoir-adoption-levriers-despagne,mangoandsalt.com,1,resources/backlink-resources.json,resources/backlink-resources.json:2347,,,,,,,,,,,,,,,,,0,,
P2,26,355,,approved | reject_not_directory | reject_not_submit | reject_paid | reject_auth_required,verify_directory_fit_before_any_approval,verify_directory_fit_before_approval,,,,mangoandsalt.com,unknown,unknown,missing_domain,needs_manual_review,https://www.mangoandsalt.com/2024/07/11/collection-de-chaussures-barefoot-avis-conseils-2,mangoandsalt.com,1,resources/backlink-resources.json,resources/backlink-resources.json:2127,,,,,,,,,,,,,,,,,0,,
P2,26,356,,approved | reject_not_directory | reject_not_submit | reject_paid | reject_auth_required,verify_directory_fit_before_any_approval,verify_directory_fit_before_approval,,,,manilashopper.com,unknown,unknown,missing_domain,needs_manual_review,https://www.manilashopper.com/2014/11/the-stoneware-pottery-shop-in-cagayan.html,manilashopper.com,1,resources/backlink-resources.json,resources/backlink-resources.json:356,,,,,,,,,,,,,,,,,0,,
P2,26,359,,approved | reject_not_directory | reject_not_submit | reject_paid | reject_auth_required,verify_directory_fit_before_any_approval,verify_directory_fit_before_approval,,,,mastodon.social,unknown,unknown,missing_domain,needs_manual_review,https://mastodon.social/@rstevens/112532171747034727,mastodon.social,1,resources/backlink-resources.json,resources/backlink-resources.json:301,,,,,,,,,,,,,,,,,0,,
P2,26,362,,approved | reject_not_directory | reject_not_submit | reject_paid | reject_auth_required,verify_directory_fit_before_any_approval,verify_directory_fit_before_approval,,,,michaelgeist.ca,unknown,unknown,missing_domain,needs_manual_review,https://www.michaelgeist.ca/2023/05/this-must-stop-government-and-liberal-party-go-all-in-on-speech-regulation-with-political-truth-oversight-bodies-mandated-press-source-tracing-and-disclosure-of-critics-communications,michaelgeist.ca,1,resources/backlink-resources.json,resources/backlink-resources.json:1940,,,,,,,,,,,,,,,,,0,,
P2,26,367,,approved | reject_not_directory | reject_not_submit | reject_paid | reject_auth_required,verify_directory_fit_before_any_approval,verify_directory_fit_before_approval,,,,moonsoap.com,unknown,unknown,missing_domain,needs_manual_review,https://www.moonsoap.com/hpgen/HPB/entries/8.html,moonsoap.com,1,resources/backlink-resources.json,resources/backlink-resources.json:2171,,,,,,,,,,,,,,,,,0,,
P2,26,368,,approved | reject_not_directory | reject_not_submit | reject_paid | reject_auth_required,verify_directory_fit_before_any_approval,verify_directory_fit_before_approval,,,,multichain.com,unknown,unknown,missing_domain,needs_manual_review,https://multichain.com/qa/user/parrotcatsup3,multichain.com,1,resources/backlink-resources.json,resources/backlink-resources.json:1236,,,,,,,,,,,,,,,,,0,,
P2,26,369,,approved | reject_not_directory | reject_not_submit | reject_paid | reject_auth_required,verify_directory_fit_before_any_approval,verify_directory_fit_before_approval,,,,mummyfever.co.uk,unknown,unknown,missing_domain,needs_manual_review,https://mummyfever.co.uk/family-skiing-in-bulgaria,mummyfever.co.uk,1,resources/backlink-resources.json,resources/backlink-resources.json:2358,,,,,,,,,,,,,,,,,0,,
P2,26,370,,approved | reject_not_directory | reject_not_submit | reject_paid | reject_auth_required,verify_directory_fit_before_any_approval,verify_directory_fit_before_approval,,,,mummyfever.co.uk,unknown,unknown,missing_domain,needs_manual_review,https://mummyfever.co.uk/the-best-youtube-home-workouts,mummyfever.co.uk,1,resources/backlink-resources.json,resources/backlink-resources.json:532,,,,,,,,,,,,,,,,,0,,
P2,26,372,,approved | reject_not_directory | reject_not_submit | reject_paid | reject_auth_required,verify_directory_fit_before_any_approval,verify_directory_fit_before_approval,,,,musthavemom.com,unknown,unknown,missing_domain,needs_manual_review,https://musthavemom.com/how-to-get-a-designer-look-without-the-interior-decorator-price-tag,musthavemom.com,1,resources/backlink-resources.json,resources/backlink-resources.json:246,,,,,,,,,,,,,,,,,0,,
P2,26,374,,approved | reject_not_directory | reject_not_submit | reject_paid | reject_auth_required,verify_directory_fit_before_any_approval,verify_directory_fit_before_approval,,,,myanimelist.net,unknown,unknown,missing_domain,needs_manual_review,https://myanimelist.net/profile/Akizuki_Airi,myanimelist.net,1,resources/backlink-resources.json,resources/backlink-resources.json:290,,,,,,,,,,,,,,,,,0,,
P2,26,375,,approved | reject_not_directory | reject_not_submit | reject_paid | reject_auth_required,verify_directory_fit_before_any_approval,verify_directory_fit_before_approval,,,,mycomics.de,unknown,unknown,missing_domain,needs_manual_review,https://www.mycomics.de/profil/tedcrane.html,mycomics.de,1,resources/backlink-resources.json,resources/backlink-resources.json:4,,,,,,,,,,,,,,,,,0,,
P2,26,379,,approved | reject_not_directory | reject_not_submit | reject_paid | reject_auth_required,verify_directory_fit_before_any_approval,verify_directory_fit_before_approval,,,,nasze-lasie-pl.sugester.pl,unknown,unknown,missing_domain,needs_manual_review,https://nasze-lasie-pl.sugester.pl/167783170-ChatGPT-in-Spain-Revolutionizing-Communication-and-AI-Interaction?order=popular&page=2,nasze-lasie-pl.sugester.pl,1,resources/backlink-resources.json,resources/backlink-resources.json:906,,,,,,,,,,,,,,,,,0,,
P2,26,380,,approved | reject_not_directory | reject_not_submit | reject_paid | reject_auth_required,verify_directory_fit_before_any_approval,verify_directory_fit_before_approval,,,,nasze-lasie-pl.sugester.pl,unknown,unknown,missing_domain,needs_manual_review,https://nasze-lasie-pl.sugester.pl/18132-o-stronie-wiadomosci-na-glownej-itp?order=popular,nasze-lasie-pl.sugester.pl,1,resources/backlink-resources.json,resources/backlink-resources.json:312,,,,,,,,,,,,,,,,,0,,
P2,26,381,,approved | reject_not_directory | reject_not_submit | reject_paid | reject_auth_required,verify_directory_fit_before_any_approval,verify_directory_fit_before_approval,,,,negociosyemprendimiento.org,unknown,unknown,missing_domain,needs_manual_review,https://www.negociosyemprendimiento.org/2024/12/historia-temu.html?m=0,negociosyemprendimiento.org,1,resources/backlink-resources.json,resources/backlink-resources.json:2138,,,,,,,,,,,,,,,,,0,,
P2,26,383,,approved | reject_not_directory | reject_not_submit | reject_paid | reject_auth_required,verify_directory_fit_before_any_approval,verify_directory_fit_before_approval,,,,netboard.hu,unknown,unknown,missing_domain,needs_manual_review,https://www.netboard.hu/searchuser_full.php?id=139760,netboard.hu,1,resources/backlink-resources.json,resources/backlink-resources.json:609,,,,,,,,,,,,,,,,,0,,
P2,26,389,,approved | reject_not_directory | reject_not_submit | reject_paid | reject_auth_required,verify_directory_fit_before_any_approval,verify_directory_fit_before_approval,,,,nintendoworldreport.com,unknown,unknown,missing_domain,needs_manual_review,https://www.nintendoworldreport.com/forums/index.php?action=profile%3Bu%3D56540,nintendoworldreport.com,1,resources/backlink-resources.json,resources/backlink-resources.json:554,,,,,,,,,,,,,,,,,0,,
P2,26,398,,approved | reject_not_directory | reject_not_submit | reject_paid | reject_auth_required,verify_directory_fit_before_any_approval,verify_directory_fit_before_approval,,,,notsowimpyteacher.com,unknown,unknown,missing_domain,needs_manual_review,https://notsowimpyteacher.com/2024/01/5-reasons-why-teaching-grammar-is-still-important.html,notsowimpyteacher.com,1,resources/backlink-resources.json,resources/backlink-resources.json:1324,,,,,,,,,,,,,,,,,0,,
P2,26,400,,approved | reject_not_directory | reject_not_submit | reject_paid | reject_auth_required,verify_directory_fit_before_any_approval,verify_directory_fit_before_approval,,,,onesweetmess.com,unknown,unknown,missing_domain,needs_manual_review,https://www.onesweetmess.com/2017/06/08/cherry-negroni,onesweetmess.com,1,resources/backlink-resources.json,resources/backlink-resources.json:1071,,,,,,,,,,,,,,,,,0,,
P2,26,408,,approved | reject_not_directory | reject_not_submit | reject_paid | reject_auth_required,verify_directory_fit_before_any_approval,verify_directory_fit_before_approval,,,,paleorunningmomma.com,unknown,unknown,missing_domain,needs_manual_review,https://www.paleorunningmomma.com/garlic-tuscan-shrimp-paleo-whole30,paleorunningmomma.com,1,resources/backlink-resources.json,resources/backlink-resources.json:1203,,,,,,,,,,,,,,,,,0,,
P2,26,409,,approved | reject_not_directory | reject_not_submit | reject_paid | reject_auth_required,verify_directory_fit_before_any_approval,verify_directory_fit_before_approval,,,,papertraildesign.com,unknown,unknown,missing_domain,needs_manual_review,https://www.papertraildesign.com/football-water-bottle-labels-free-printable,papertraildesign.com,1,resources/backlink-resources.json,resources/backlink-resources.json:1797,,,,,,,,,,,,,,,,,0,,
P2,26,410,,approved | reject_not_directory | reject_not_submit | reject_paid | reject_auth_required,verify_directory_fit_before_any_approval,verify_directory_fit_before_approval,,,,participacion.puertodelrosario.org,unknown,unknown,missing_domain,needs_manual_review,https://participacion.puertodelrosario.org/profiles/albaucb/groups,participacion.puertodelrosario.org,1,resources/backlink-resources.json,resources/backlink-resources.json:642,,,,,,,,,,,,,,,,,0,,
P2,26,412,,approved | reject_not_directory | reject_not_submit | reject_paid | reject_auth_required,verify_directory_fit_before_any_approval,verify_directory_fit_before_approval,,,,patisserie-okumoto.com,unknown,unknown,missing_domain,needs_manual_review,https://www.patisserie-okumoto.com/hpgen/HPB/entries/1.html?https%3A%2F%2Ffuhrerschein-eu.com%2F=,patisserie-okumoto.com,1,resources/backlink-resources.json,resources/backlink-resources.json:2402,,,,,,,,,,,,,,,,,0,,
P2,26,417,,approved | reject_not_directory | reject_not_submit | reject_paid | reject_auth_required,verify_directory_fit_before_any_approval,verify_directory_fit_before_approval,,,,peoplespunditdaily.com,unknown,unknown,missing_domain,needs_manual_review,https://www.peoplespunditdaily.com/news/us/2020/03/27/trump-pulls-trigger-on-defense-production-act-to-require-gm-to-make-ventilators,peoplespunditdaily.com,1,resources/backlink-resources.json,resources/backlink-resources.json:1170,,,,,,,,,,,,,,,,,0,,
P2,26,418,,approved | reject_not_directory | reject_not_submit | reject_paid | reject_auth_required,verify_directory_fit_before_any_approval,verify_directory_fit_before_approval,,,,pharmahub.org,unknown,unknown,missing_domain,needs_manual_review,https://pharmahub.org/kb/registration/login2,pharmahub.org,1,resources/backlink-resources.json,resources/backlink-resources.json:444,,,,,,,,,,,,,,,,,0,,
P2,26,419,,approved | reject_not_directory | reject_not_submit | reject_paid | reject_auth_required,verify_directory_fit_before_any_approval,verify_directory_fit_before_approval,,,,pinkcaddytravelogue.com,unknown,unknown,missing_domain,needs_manual_review,https://www.pinkcaddytravelogue.com/7-day-iceland-itinerary,pinkcaddytravelogue.com,1,resources/backlink-resources.json,resources/backlink-resources.json:1412,,,,,,,,,,,,,,,,,0,,
P2,26,422,,approved | reject_not_directory | reject_not_submit | reject_paid | reject_auth_required,verify_directory_fit_before_any_approval,verify_directory_fit_before_approval,,,,pixel77.com,unknown,unknown,missing_domain,needs_manual_review,https://pixel77.com/fonts-for-posters,pixel77.com,1,resources/backlink-resources.json,resources/backlink-resources.json:2160,,,,,,,,,,,,,,,,,0,,
P2,26,423,,approved | reject_not_directory | reject_not_submit | reject_paid | reject_auth_required,verify_directory_fit_before_any_approval,verify_directory_fit_before_approval,,,,pixel77.com,unknown,unknown,missing_domain,needs_manual_review,https://pixel77.com/typography-rules-technique,pixel77.com,1,resources/backlink-resources.json,resources/backlink-resources.json:224,,,,,,,,,,,,,,,,,0,,
P2,26,425,,approved | reject_not_directory | reject_not_submit | reject_paid | reject_auth_required,verify_directory_fit_before_any_approval,verify_directory_fit_before_approval,,,,poppyandgrace.com,unknown,unknown,missing_domain,needs_manual_review,https://poppyandgrace.com/2017/09/raleys-lilo-and-stitch-birthday-luau,poppyandgrace.com,1,resources/backlink-resources.json,resources/backlink-resources.json:1896,,,,,,,,,,,,,,,,,0,,
P2,26,430,,approved | reject_not_directory | reject_not_submit | reject_paid | reject_auth_required,verify_directory_fit_before_any_approval,verify_directory_fit_before_approval,,,,predictiveanalyticsworld.com,unknown,unknown,missing_domain,needs_manual_review,https://www.predictiveanalyticsworld.com/machinelearningtimes/dont-let-yourself-be-fooled-by-data-drift/13125,predictiveanalyticsworld.com,1,resources/backlink-resources.json,resources/backlink-resources.json:1995,,,,,,,,,,,,,,,,,0,,
P2,26,431,,approved | reject_not_directory | reject_not_submit | reject_paid | reject_auth_required,verify_directory_fit_before_any_approval,verify_directory_fit_before_approval,,,,premierchess.com,unknown,unknown,missing_domain,needs_manual_review,https://premierchess.com/chess-growth/maythebestplayerwin,premierchess.com,1,resources/backlink-resources.json,resources/backlink-resources.json:1005,,,,,,,,,,,,,,,,,0,,
P2,26,432,,approved | reject_not_directory | reject_not_submit | reject_paid | reject_auth_required,verify_directory_fit_before_any_approval,verify_directory_fit_before_approval,,,,premierchess.com,unknown,unknown,missing_domain,needs_manual_review,https://premierchess.com/uncategorized/is-chess-a-sport-an-introduction-of-chess-in-and-within-the-sports-world,premierchess.com,1,resources/backlink-resources.json,resources/backlink-resources.json:730,,,,,,,,,,,,,,,,,0,,
P2,26,433,,approved | reject_not_directory | reject_not_submit | reject_paid | reject_auth_required,verify_directory_fit_before_any_approval,verify_directory_fit_before_approval,,,,preview.amplethemes.com,unknown,unknown,missing_domain,needs_manual_review,https://preview.amplethemes.com/blog-vlog-pro/2018/12/14/lovely-cat,preview.amplethemes.com,1,resources/backlink-resources.json,resources/backlink-resources.json:851,,,,,,,,,,,,,,,,,0,,
P2,26,437,,approved | reject_not_directory | reject_not_submit | reject_paid | reject_auth_required,verify_directory_fit_before_any_approval,verify_directory_fit_before_approval,,,,programas.cooperativa.cl,unknown,unknown,missing_domain,needs_manual_review,http://programas.cooperativa.cl/enaccion/2010/09/10/los-reportes-de-sustentabilidad,programas.cooperativa.cl,1,resources/backlink-resources.json,resources/backlink-resources.json:807,,,,,,,,,,,,,,,,,0,,
P2,26,439,,approved | reject_not_directory | reject_not_submit | reject_paid | reject_auth_required,verify_directory_fit_before_any_approval,verify_directory_fit_before_approval,,,,proofreadanywhere.com,unknown,unknown,missing_domain,needs_manual_review,https://proofreadanywhere.com/get-paid-to-proofread,proofreadanywhere.com,1,resources/backlink-resources.json,resources/backlink-resources.json:675,,,,,,,,,,,,,,,,,0,,
P2,26,441,,approved | reject_not_directory | reject_not_submit | reject_paid | reject_auth_required,verify_directory_fit_before_any_approval,verify_directory_fit_before_approval,,,,pt-media.org,unknown,unknown,missing_domain,needs_manual_review,https://pt-media.org/2022/11/02/kuvitteellinen-hakaristi-pahoitti-mielen,pt-media.org,1,resources/backlink-resources.json,resources/backlink-resources.json:136,,,,,,,,,,,,,,,,,0,,
P2,26,442,,approved | reject_not_directory | reject_not_submit | reject_paid | reject_auth_required,verify_directory_fit_before_any_approval,verify_directory_fit_before_approval,,,,pv-magazine.com,unknown,unknown,missing_domain,needs_manual_review,https://www.pv-magazine.com/2022/01/15/the-weekend-read,pv-magazine.com,1,resources/backlink-resources.json,resources/backlink-resources.json:1775,,,,,,,,,,,,,,,,,0,,
P2,26,445,,approved | reject_not_directory | reject_not_submit | reject_paid | reject_auth_required,verify_directory_fit_before_any_approval,verify_directory_fit_before_approval,,,,radioink.com,unknown,unknown,missing_domain,needs_manual_review,https://radioink.com/2025/04/14/donald-trump-jr-lara-trump-take-stakes-in-salem-media-group,radioink.com,1,resources/backlink-resources.json,resources/backlink-resources.json:1049,,,,,,,,,,,,,,,,,0,,
P2,26,446,,approved | reject_not_directory | reject_not_submit | reject_paid | reject_auth_required,verify_directory_fit_before_any_approval,verify_directory_fit_before_approval,,,,rcinet.ca,unknown,unknown,missing_domain,needs_manual_review,https://www.rcinet.ca/bhm-en/2021/02/02/a-variety-of-activities-unveiled-for-black-history-month,rcinet.ca,1,resources/backlink-resources.json,resources/backlink-resources.json:1984,,,,,,,,,,,,,,,,,0,,
P2,26,447,,approved | reject_not_directory | reject_not_submit | reject_paid | reject_auth_required,verify_directory_fit_before_any_approval,verify_directory_fit_before_approval,,,,rcinet.ca,unknown,unknown,missing_domain,needs_manual_review,https://www.rcinet.ca/rci70-en/2015/02/24/test1,rcinet.ca,1,resources/backlink-resources.json,resources/backlink-resources.json:1038,,,,,,,,,,,,,,,,,0,,
P2,26,448,,approved | reject_not_directory | reject_not_submit | reject_paid | reject_auth_required,verify_directory_fit_before_any_approval,verify_directory_fit_before_approval,,,,reneeroaming.com,unknown,unknown,missing_domain,needs_manual_review,https://www.reneeroaming.com/kimberley-australia-luxury-expedition-cruise-seabourn,reneeroaming.com,1,resources/backlink-resources.json,resources/backlink-resources.json:1104,,,,,,,,,,,,,,,,,0,,
P2,26,449,,approved | reject_not_directory | reject_not_submit | reject_paid | reject_auth_required,verify_directory_fit_before_any_approval,verify_directory_fit_before_approval,,,,reneeroaming.com,unknown,unknown,missing_domain,needs_manual_review,https://www.reneeroaming.com/mexico-city-itinerary-the-best-things-to-do-in-4-days,reneeroaming.com,1,resources/backlink-resources.json,resources/backlink-resources.json:1346,,,,,,,,,,,,,,,,,0,,
P2,26,450,,approved | reject_not_directory | reject_not_submit | reject_paid | reject_auth_required,verify_directory_fit_before_any_approval,verify_directory_fit_before_approval,,,,reneeroaming.com,unknown,unknown,missing_domain,needs_manual_review,https://www.reneeroaming.com/new-england-fall-road-trip,reneeroaming.com,1,resources/backlink-resources.json,resources/backlink-resources.json:1016,,,,,,,,,,,,,,,,,0,,
P2,26,451,,approved | reject_not_directory | reject_not_submit | reject_paid | reject_auth_required,verify_directory_fit_before_any_approval,verify_directory_fit_before_approval,,,,repeatcrafterme.com,unknown,unknown,missing_domain,needs_manual_review,https://www.repeatcrafterme.com/2013/02/barn-card-for-sprout-tv.html,repeatcrafterme.com,1,resources/backlink-resources.json,resources/backlink-resources.json:1533,,,,,,,,,,,,,,,,,0,,
P2,26,452,,approved | reject_not_directory | reject_not_submit | reject_paid | reject_auth_required,verify_directory_fit_before_any_approval,verify_directory_fit_before_approval,,,,repeatcrafterme.com,unknown,unknown,missing_domain,needs_manual_review,https://www.repeatcrafterme.com/2019/01/crochet-moss-stitch-in-a-rectangle.html,repeatcrafterme.com,1,resources/backlink-resources.json,resources/backlink-resources.json:2270,,,,,,,,,,,,,,,,,0,,
P2,26,453,,approved | reject_not_directory | reject_not_submit | reject_paid | reject_auth_required,verify_directory_fit_before_any_approval,verify_directory_fit_before_approval,,,,repeatcrafterme.com,unknown,unknown,missing_domain,needs_manual_review,https://www.repeatcrafterme.com/2019/05/crochet-avocado.html,repeatcrafterme.com,1,resources/backlink-resources.json,resources/backlink-resources.json:2072,,,,,,,,,,,,,,,,,0,,
P2,26,454,,approved | reject_not_directory | reject_not_submit | reject_paid | reject_auth_required,verify_directory_fit_before_any_approval,verify_directory_fit_before_approval,,,,repeatcrafterme.com,unknown,unknown,missing_domain,needs_manual_review,https://www.repeatcrafterme.com/2025/02/crochet-furry-friends-book.html,repeatcrafterme.com,1,resources/backlink-resources.json,resources/backlink-resources.json:1137,,,,,,,,,,,,,,,,,0,,
P2,26,456,,approved | reject_not_directory | reject_not_submit | reject_paid | reject_auth_required,verify_directory_fit_before_any_approval,verify_directory_fit_before_approval,,,,ride.guru,unknown,unknown,missing_domain,needs_manual_review,https://ride.guru/content/newsroom/finding-your-fare-with-rideguru-a-how-to-guide,ride.guru,1,resources/backlink-resources.json,resources/backlink-resources.json:1709,,,,,,,,,,,,,,,,,0,,
P2,26,457,,approved | reject_not_directory | reject_not_submit | reject_paid | reject_auth_required,verify_directory_fit_before_any_approval,verify_directory_fit_before_approval,,,,ru.esosedi.org,unknown,unknown,missing_domain,needs_manual_review,https://ru.esosedi.org/RU/BA/8564043/ust_saldyibash,ru.esosedi.org,1,resources/backlink-resources.json,resources/backlink-resources.json:114,,,,,,,,,,,,,,,,,0,,
P2,26,459,,approved | reject_not_directory | reject_not_submit | reject_paid | reject_auth_required,verify_directory_fit_before_any_approval,verify_directory_fit_before_approval,,,,runningwithspoons.com,unknown,unknown,missing_domain,needs_manual_review,https://www.runningwithspoons.com/easy-homemade-teriyaki-sauce,runningwithspoons.com,1,resources/backlink-resources.json,resources/backlink-resources.json:2325,,,,,,,,,,,,,,,,,0,,
P2,26,460,,approved | reject_not_directory | reject_not_submit | reject_paid | reject_auth_required,verify_directory_fit_before_any_approval,verify_directory_fit_before_approval,,,,runningwithspoons.com,unknown,unknown,missing_domain,needs_manual_review,https://www.runningwithspoons.com/flourless-carrot-cake-muffins,runningwithspoons.com,1,resources/backlink-resources.json,resources/backlink-resources.json:1808,,,,,,,,,,,,,,,,,0,,
P2,26,461,,approved | reject_not_directory | reject_not_submit | reject_paid | reject_auth_required,verify_directory_fit_before_any_approval,verify_directory_fit_before_approval,,,,runpee.com,unknown,unknown,missing_domain,needs_manual_review,https://runpee.com/10-best-math-movies-for-middle-school-students,runpee.com,1,resources/backlink-resources.json,resources/backlink-resources.json:125,,,,,,,,,,,,,,,,,0,,
P2,26,465,,approved | reject_not_directory | reject_not_submit | reject_paid | reject_auth_required,verify_directory_fit_before_any_approval,verify_directory_fit_before_approval,,,,scandasia.com,unknown,unknown,missing_domain,needs_manual_review,https://scandasia.com/binh-duong-province-of-vietnam-attracts-more-than-4000-foreign-direct-investment-projects,scandasia.com,1,resources/backlink-resources.json,resources/backlink-resources.json:1973,,,,,,,,,,,,,,,,,0,,
P2,26,468,,approved | reject_not_directory | reject_not_submit | reject_paid | reject_auth_required,verify_directory_fit_before_any_approval,verify_directory_fit_before_approval,,,,selfloverainbow.com,unknown,unknown,missing_domain,needs_manual_review,https://www.selfloverainbow.com/self-improvement-7-reasons-why-we-struggle,selfloverainbow.com,1,resources/backlink-resources.json,resources/backlink-resources.json:180,,,,,,,,,,,,,,,,,0,,
P2,26,470,,approved | reject_not_directory | reject_not_submit | reject_paid | reject_auth_required,verify_directory_fit_before_any_approval,verify_directory_fit_before_approval,,,,sharonsantoni.com,unknown,unknown,missing_domain,needs_manual_review,https://sharonsantoni.com/2023/05/making-strawberry-jam-2,sharonsantoni.com,1,resources/backlink-resources.json,resources/backlink-resources.json:873,,,,,,,,,,,,,,,,,0,,
P2,26,473,,approved | reject_not_directory | reject_not_submit | reject_paid | reject_auth_required,verify_directory_fit_before_any_approval,verify_directory_fit_before_approval,,,,simonsaysstampblog.com,unknown,unknown,missing_domain,needs_manual_review,https://www.simonsaysstampblog.com/blog/amore-laurafadora-3/comment-page-1,simonsaysstampblog.com,1,resources/backlink-resources.json,resources/backlink-resources.json:840,,,,,,,,,,,,,,,,,0,,
P2,26,478,,approved | reject_not_directory | reject_not_submit | reject_paid | reject_auth_required,verify_directory_fit_before_any_approval,verify_directory_fit_before_approval,,,,sites.suffolk.edu,unknown,unknown,missing_domain,needs_manual_review,https://sites.suffolk.edu/connormulcahy/2014/02/28/solar-energy-lab,sites.suffolk.edu,1,resources/backlink-resources.json,resources/backlink-resources.json:697,,,,,,,,,,,,,,,,,0,,
P2,26,479,,approved | reject_not_directory | reject_not_submit | reject_paid | reject_auth_required,verify_directory_fit_before_any_approval,verify_directory_fit_before_approval,,,,sites.williams.edu,unknown,unknown,missing_domain,needs_manual_review,https://sites.williams.edu/srd4/methods-exercises/methods-exercise-6,sites.williams.edu,1,resources/backlink-resources.json,resources/backlink-resources.json:818,,,,,,,,,,,,,,,,,0,,
P2,26,480,,approved | reject_not_directory | reject_not_submit | reject_paid | reject_auth_required,verify_directory_fit_before_any_approval,verify_directory_fit_before_approval,,,,sites.williams.edu,unknown,unknown,missing_domain,needs_manual_review,https://sites.williams.edu/srd4/why-we-sing,sites.williams.edu,1,resources/backlink-resources.json,resources/backlink-resources.json:1566,,,,,,,,,,,,,,,,,0,,
P2,26,484,,approved | reject_not_directory | reject_not_submit | reject_paid | reject_auth_required,verify_directory_fit_before_any_approval,verify_directory_fit_before_approval,,,,slice.uccs.edu,unknown,unknown,missing_domain,needs_manual_review,https://slice.uccs.edu/?p=804,slice.uccs.edu,1,resources/backlink-resources.json,resources/backlink-resources.json:917,,,,,,,,,,,,,,,,,0,,
P2,26,486,,approved | reject_not_directory | reject_not_submit | reject_paid | reject_auth_required,verify_directory_fit_before_any_approval,verify_directory_fit_before_approval,,,,snipplr.com,unknown,unknown,missing_domain,needs_manual_review,https://snipplr.com/users/mcleanross?language=all,snipplr.com,1,resources/backlink-resources.json,resources/backlink-resources.json:103,,,,,,,,,,,,,,,,,0,,
P2,26,487,,approved | reject_not_directory | reject_not_submit | reject_paid | reject_auth_required,verify_directory_fit_before_any_approval,verify_directory_fit_before_approval,,,,soccernet.ng,unknown,unknown,missing_domain,needs_manual_review,https://soccernet.ng/2024/03/were-looking-forward-to-it-atalantas-lookman-pumped-ahead-of-nigerias-jollof-derby-against-ghana.html,soccernet.ng,1,resources/backlink-resources.json,resources/backlink-resources.json:521,,,,,,,,,,,,,,,,,0,,
P2,26,493,,approved | reject_not_directory | reject_not_submit | reject_paid | reject_auth_required,verify_directory_fit_before_any_approval,verify_directory_fit_before_approval,,,,speechandlanguagekids.com,unknown,unknown,missing_domain,needs_manual_review,https://www.speechandlanguagekids.com/week-7-summer-speech-challenge,speechandlanguagekids.com,1,resources/backlink-resources.json,resources/backlink-resources.json:1819,,,,,,,,,,,,,,,,,0,,
P2,26,495,,approved | reject_not_directory | reject_not_submit | reject_paid | reject_auth_required,verify_directory_fit_before_any_approval,verify_directory_fit_before_approval,,,,squatuniversity.com,unknown,unknown,missing_domain,needs_manual_review,https://squatuniversity.com/2015/12/01/the-squat-fix-hip-mobility-pt-1/comment-page-2,squatuniversity.com,1,resources/backlink-resources.json,resources/backlink-resources.json:2303,,,,,,,,,,,,,,,,,0,,
P2,26,496,,approved | reject_not_directory | reject_not_submit | reject_paid | reject_auth_required,verify_directory_fit_before_any_approval,verify_directory_fit_before_approval,,,,squatuniversity.com,unknown,unknown,missing_domain,needs_manual_review,https://squatuniversity.com/2016/04/07/how-to-perfect-the-front-squat/comment-page-4,squatuniversity.com,1,resources/backlink-resources.json,resources/backlink-resources.json:2413,,,,,,,,,,,,,,,,,0,,
P2,26,498,,approved | reject_not_directory | reject_not_submit | reject_paid | reject_auth_required,verify_directory_fit_before_any_approval,verify_directory_fit_before_approval,,,,stampstampede.org,unknown,unknown,missing_domain,needs_manual_review,https://www.stampstampede.org/society-stampers/groups/sprunki-game-1453889805/members,stampstampede.org,1,resources/backlink-resources.json,resources/backlink-resources.json:37,,,,,,,,,,,,,,,,,0,,
P2,26,506,,approved | reject_not_directory | reject_not_submit | reject_paid | reject_auth_required,verify_directory_fit_before_any_approval,verify_directory_fit_before_approval,,,,steffisrecipes.com,unknown,unknown,missing_domain,needs_manual_review,https://www.steffisrecipes.com/2020/04/idli-kurma.html,steffisrecipes.com,1,resources/backlink-resources.json,resources/backlink-resources.json:169,,,,,,,,,,,,,,,,,0,,
P2,26,509,,approved | reject_not_directory | reject_not_submit | reject_paid | reject_auth_required,verify_directory_fit_before_any_approval,verify_directory_fit_before_approval,,,,stylelovely.com,unknown,unknown,missing_domain,needs_manual_review,https://stylelovely.com/diybalamoda/2016/01/diy-recicla-un-jersey,stylelovely.com,1,resources/backlink-resources.json,resources/backlink-resources.json:1456,,,,,,,,,,,,,,,,,0,,
P2,26,510,,approved | reject_not_directory | reject_not_submit | reject_paid | reject_auth_required,verify_directory_fit_before_any_approval,verify_directory_fit_before_approval,,,,stylishpetite.com,unknown,unknown,missing_domain,needs_manual_review,https://stylishpetite.com/2023/07/high-tea-at-langham-hotel-pasadena.html,stylishpetite.com,1,resources/backlink-resources.json,resources/backlink-resources.json:576,,,,,,,,,,,,,,,,,0,,
P2,26,513,,approved | reject_not_directory | reject_not_submit | reject_paid | reject_auth_required,verify_directory_fit_before_any_approval,verify_directory_fit_before_approval,,,,superstore.co.jp,unknown,unknown,missing_domain,needs_manual_review,http://www.superstore.co.jp/wp-includes/fonts/diary.cgi?mode=comment&no=116,superstore.co.jp,1,resources/backlink-resources.json,resources/backlink-resources.json:1643,,,,,,,,,,,,,,,,,0,,
P2,26,514,,approved | reject_not_directory | reject_not_submit | reject_paid | reject_auth_required,verify_directory_fit_before_any_approval,verify_directory_fit_before_approval,,,,sydnestyle.com,unknown,unknown,missing_domain,needs_manual_review,https://www.sydnestyle.com/2023/12/how-to-create-a-warm-neutrals-christmas-tree-filled-with-memories,sydnestyle.com,1,resources/backlink-resources.json,resources/backlink-resources.json:2314,,,,,,,,,,,,,,,,,0,,
P2,26,515,,approved | reject_not_directory | reject_not_submit | reject_paid | reject_auth_required,verify_directory_fit_before_any_approval,verify_directory_fit_before_approval,,,,syncedreview.com,unknown,unknown,missing_domain,needs_manual_review,https://syncedreview.com/2022/06/29/nvidias-global-context-vit-achieves-sota-performance-on-cv-tasks-without-expensive-computation,syncedreview.com,1,resources/backlink-resources.json,resources/backlink-resources.json:1918,,,,,,,,,,,,,,,,,0,,
P2,26,516,,approved | reject_not_directory | reject_not_submit | reject_paid | reject_auth_required,verify_directory_fit_before_any_approval,verify_directory_fit_before_approval,,,,syncedreview.com,unknown,unknown,missing_domain,needs_manual_review,https://syncedreview.com/2024/09/09/microsofts-fully-pipelined-distributed-transformer-processes-16x-sequence-length-with-extreme-hardware-efficiency,syncedreview.com,1,resources/backlink-resources.json,resources/backlink-resources.json:202,,,,,,,,,,,,,,,,,0,,
P2,26,520,,approved | reject_not_directory | reject_not_submit | reject_paid | reject_auth_required,verify_directory_fit_before_any_approval,verify_directory_fit_before_approval,,,,tech.winstonsalem.com,unknown,unknown,missing_domain,needs_manual_review,http://tech.winstonsalem.com/2011/09/frameworks-becoming-totally-responsible.html,tech.winstonsalem.com,1,resources/backlink-resources.json,resources/backlink-resources.json:400,,,,,,,,,,,,,,,,,0,,
P2,26,522,,approved | reject_not_directory | reject_not_submit | reject_paid | reject_auth_required,verify_directory_fit_before_any_approval,verify_directory_fit_before_approval,,,,techqiah.com,unknown,unknown,missing_domain,needs_manual_review,https://www.techqiah.com/2024/11/192-168-100-1.html,techqiah.com,1,resources/backlink-resources.json,resources/backlink-resources.json:2336,,,,,,,,,,,,,,,,,0,,
P2,26,526,,approved | reject_not_directory | reject_not_submit | reject_paid | reject_auth_required,verify_directory_fit_before_any_approval,verify_directory_fit_before_approval,,,,thenerdswife.com,unknown,unknown,missing_domain,needs_manual_review,https://thenerdswife.com/happy-sisters-day-with-frozen-and-disney.html,thenerdswife.com,1,resources/backlink-resources.json,resources/backlink-resources.json:1478,,,,,,,,,,,,,,,,,0,,
P2,26,529,,approved | reject_not_directory | reject_not_submit | reject_paid | reject_auth_required,verify_directory_fit_before_any_approval,verify_directory_fit_before_approval,,,,thinkgrowgiggle.com,unknown,unknown,missing_domain,needs_manual_review,http://www.thinkgrowgiggle.com/2020/07/10-best-mentor-texts-to-use-for-reading.html,thinkgrowgiggle.com,1,resources/backlink-resources.json,resources/backlink-resources.json:2468,,,,,,,,,,,,,,,,,0,,
P2,26,530,,approved | reject_not_directory | reject_not_submit | reject_paid | reject_auth_required,verify_directory_fit_before_any_approval,verify_directory_fit_before_approval,,,,threewood.jp,unknown,unknown,missing_domain,needs_manual_review,https://threewood.jp/hpgen/HPB/entries/25.html,threewood.jp,1,resources/backlink-resources.json,resources/backlink-resources.json:1665,,,,,,,,,,,,,,,,,0,,
P2,26,533,,approved | reject_not_directory | reject_not_submit | reject_paid | reject_auth_required,verify_directory_fit_before_any_approval,verify_directory_fit_before_approval,,,,tonypolecastro.com,unknown,unknown,missing_domain,needs_manual_review,https://tonypolecastro.com/at204,tonypolecastro.com,1,resources/backlink-resources.json,resources/backlink-resources.json:653,,,,,,,,,,,,,,,,,0,,
P2,26,534,,approved | reject_not_directory | reject_not_submit | reject_paid | reject_auth_required,verify_directory_fit_before_any_approval,verify_directory_fit_before_approval,,,,tonypolecastro.com,unknown,unknown,missing_domain,needs_manual_review,https://tonypolecastro.com/guitar-notes-for-beginners/comment-page-12,tonypolecastro.com,1,resources/backlink-resources.json,resources/backlink-resources.json:1159,,,,,,,,,,,,,,,,,0,,
P2,26,546,,approved | reject_not_directory | reject_not_submit | reject_paid | reject_auth_required,verify_directory_fit_before_any_approval,verify_directory_fit_before_approval,,,,visitrichmond.co.uk,unknown,unknown,missing_domain,needs_manual_review,https://www.visitrichmond.co.uk/blog/read/2024/03/english-tourism-week-2024-gardens-and-parks-b48,visitrichmond.co.uk,1,resources/backlink-resources.json,resources/backlink-resources.json:884,,,,,,,,,,,,,,,,,0,,
P2,26,548,,approved | reject_not_directory | reject_not_submit | reject_paid | reject_auth_required,verify_directory_fit_before_any_approval,verify_directory_fit_before_approval,,,,wallhaven.cc,unknown,unknown,missing_domain,needs_manual_review,https://wallhaven.cc/user/lauralehman,wallhaven.cc,1,resources/backlink-resources.json,resources/backlink-resources.json:15,,,,,,,,,,,,,,,,,0,,
P2,26,556,,approved | reject_not_directory | reject_not_submit | reject_paid | reject_auth_required,verify_directory_fit_before_any_approval,verify_directory_fit_before_approval,,,,weirdsciencedccomics.com,unknown,unknown,missing_domain,needs_manual_review,https://www.weirdsciencedccomics.com/2022/02/batmancatwoman-10-review.html,weirdsciencedccomics.com,1,resources/backlink-resources.json,resources/backlink-resources.json:2083,,,,,,,,,,,,,,,,,0,,
P2,26,561,,approved | reject_not_directory | reject_not_submit | reject_paid | reject_auth_required,verify_directory_fit_before_any_approval,verify_directory_fit_before_approval,,,,whimsysoul.com,unknown,unknown,missing_domain,needs_manual_review,https://whimsysoul.com/napa-valley-wine-train,whimsysoul.com,1,resources/backlink-resources.json,resources/backlink-resources.json:785,,,,,,,,,,,,,,,,,0,,
P2,26,562,,approved | reject_not_directory | reject_not_submit | reject_paid | reject_auth_required,verify_directory_fit_before_any_approval,verify_directory_fit_before_approval,,,,wiki.alumni.net,unknown,unknown,missing_domain,needs_manual_review,https://wiki.alumni.net/wiki/User:MincEdlate33363909,wiki.alumni.net,1,resources/backlink-resources.json,resources/backlink-resources.json:1192,,,,,,,,,,,,,,,,,0,,
P2,26,563,,approved | reject_not_directory | reject_not_submit | reject_paid | reject_auth_required,verify_directory_fit_before_any_approval,verify_directory_fit_before_approval,,,,wonderfulmalaysia.com,unknown,unknown,missing_domain,needs_manual_review,https://www.wonderfulmalaysia.com/food/best-wet-markets-kuala-lumpur.htm,wonderfulmalaysia.com,1,resources/backlink-resources.json,resources/backlink-resources.json:2006,,,,,,,,,,,,,,,,,0,,
P2,26,564,,approved | reject_not_directory | reject_not_submit | reject_paid | reject_auth_required,verify_directory_fit_before_any_approval,verify_directory_fit_before_approval,,,,wonderfulmalaysia.com,unknown,unknown,missing_domain,needs_manual_review,https://www.wonderfulmalaysia.com/tips/heading-to-malaysia-the-superstitions-you-ought-to-know.htm,wonderfulmalaysia.com,1,resources/backlink-resources.json,resources/backlink-resources.json:2237,,,,,,,,,,,,,,,,,0,,
P2,26,565,,approved | reject_not_directory | reject_not_submit | reject_paid | reject_auth_required,verify_directory_fit_before_any_approval,verify_directory_fit_before_approval,,,,wonderfulmalaysia.com,unknown,unknown,missing_domain,needs_manual_review,https://www.wonderfulmalaysia.com/tips/sport-activities-on-a-vacation-in-malaysia.htm,wonderfulmalaysia.com,1,resources/backlink-resources.json,resources/backlink-resources.json:939,,,,,,,,,,,,,,,,,0,,
P2,26,568,,approved | reject_not_directory | reject_not_submit | reject_paid | reject_auth_required,verify_directory_fit_before_any_approval,verify_directory_fit_before_approval,,,,yandex.com,unknown,unknown,missing_domain,needs_manual_review,https://yandex.com/indexnow,yandex.com,1,src/indexnow.js,src/indexnow.js:15,,,,,,,,,,,,,,,,,0,,
P2,26,573,,approved | reject_not_directory | reject_not_submit | reject_paid | reject_auth_required,verify_directory_fit_before_any_approval,verify_directory_fit_before_approval,,,,yourcupofcake.com,unknown,unknown,missing_domain,needs_manual_review,https://www.yourcupofcake.com/almond-banana-bread,yourcupofcake.com,1,resources/backlink-resources.json,resources/backlink-resources.json:2226,,,,,,,,,,,,,,,,,0,,
P2,26,574,,approved | reject_not_directory | reject_not_submit | reject_paid | reject_auth_required,verify_directory_fit_before_any_approval,verify_directory_fit_before_approval,,,,yourcupofcake.com,unknown,unknown,missing_domain,needs_manual_review,https://www.yourcupofcake.com/banana-bread-coffee-cake,yourcupofcake.com,1,resources/backlink-resources.json,resources/backlink-resources.json:1082,,,,,,,,,,,,,,,,,0,,
P2,26,575,,approved | reject_not_directory | reject_not_submit | reject_paid | reject_auth_required,verify_directory_fit_before_any_approval,verify_directory_fit_before_approval,,,,yourcupofcake.com,unknown,unknown,missing_domain,needs_manual_review,https://www.yourcupofcake.com/candy-cane-muddy-buddies,yourcupofcake.com,1,resources/backlink-resources.json,resources/backlink-resources.json:1280,,,,,,,,,,,,,,,,,0,,
P2,26,576,,approved | reject_not_directory | reject_not_submit | reject_paid | reject_auth_required,verify_directory_fit_before_any_approval,verify_directory_fit_before_approval,,,,yourcupofcake.com,unknown,unknown,missing_domain,needs_manual_review,https://www.yourcupofcake.com/cinnamon-toast-crunch-cupcakes,yourcupofcake.com,1,resources/backlink-resources.json,resources/backlink-resources.json:2182,,,,,,,,,,,,,,,,,0,,
P2,26,577,,approved | reject_not_directory | reject_not_submit | reject_paid | reject_auth_required,verify_directory_fit_before_any_approval,verify_directory_fit_before_approval,,,,yourcupofcake.com,unknown,unknown,missing_domain,needs_manual_review,https://www.yourcupofcake.com/easy-to-make-snowman-cupcakes,yourcupofcake.com,1,resources/backlink-resources.json,resources/backlink-resources.json:1962,,,,,,,,,,,,,,,,,0,,
P2,26,578,,approved | reject_not_directory | reject_not_submit | reject_paid | reject_auth_required,verify_directory_fit_before_any_approval,verify_directory_fit_before_approval,,,,yourcupofcake.com,unknown,unknown,missing_domain,needs_manual_review,https://www.yourcupofcake.com/pineapple-mango-bruschetta,yourcupofcake.com,1,resources/backlink-resources.json,resources/backlink-resources.json:1368,,,,,,,,,,,,,,,,,0,,
