batch_id,batch_order,review_row,priority,review_action,url,domain,current_review_decision,review_decision_options,evidence_suggested_decision,suggested_review_decision,suggestion_confidence,possible_approval_decision,reviewer_action,suggested_review_notes,suggested_pricing,suggestion_basis,evidence_matched,evidence_match_key,http_status,fetch_ok,final_url,final_domain,form_count,input_count,submit_button_signal,submit_path_signal,directory_signal,auth_signal,oauth_signal,captcha_signal,cloudflare_signal,payment_signal,duplicate_registry_url,fetch_error,checked_at
p2-reclass-005,1,3,P2,verify_directory_fit_before_any_approval,https://www.2findlocal.com/,2findlocal.com,,approved | reject_not_directory | reject_not_submit | reject_paid | reject_auth_required,reject_paid,reject_auth_required,medium,,reject_for_automation_unless_human_assisted_flow_is_explicitly_planned,"CAPTCHA or Cloudflare/human-verification signal found; evidence: payment/pricing signal found; CAPTCHA signal found; 1 form(s), 6 input/select/textarea fields; submit/add/list/publish button text signal found; directory/listing marketplace text signal found",,CAPTCHA or Cloudflare/human-verification signal found,yes,review_row:3,200,yes,https://www.2findlocal.com/,2findlocal.com,1,6,yes,no,yes,no,no,yes,no,yes,no,,2026-05-22T10:05:15.087Z
p2-reclass-005,2,4,P2,verify_directory_fit_before_any_approval,https://www.4shared.com/,4shared.com,,approved | reject_not_directory | reject_not_submit | reject_paid | reject_auth_required,review_fetch_failed,needs_manual_check,low,,manual_browser_check_required_before_decision,fetch failed; evidence: fetch failed,,fetch failed,yes,review_row:4,,no,,,0,0,no,no,unknown,unknown,unknown,unknown,unknown,unknown,unknown,fetch failed,2026-05-22T10:05:17.005Z
p2-reclass-005,3,5,P2,verify_directory_fit_before_any_approval,https://500px.com/,500px.com,,approved | reject_not_directory | reject_not_submit | reject_paid | reject_auth_required,review_fetch_failed,needs_manual_check,low,,manual_browser_check_required_before_decision,fetch failed; evidence: fetch failed,,fetch failed,yes,review_row:5,,no,,,0,0,no,no,unknown,unknown,unknown,unknown,unknown,unknown,unknown,fetch failed,2026-05-22T10:05:27.518Z
p2-reclass-005,4,56,P2,verify_directory_fit_before_any_approval,https://about.me/,about.me,,approved | reject_not_directory | reject_not_submit | reject_paid | reject_auth_required,review_fetch_failed,needs_manual_check,low,,manual_browser_check_required_before_decision,fetch failed; evidence: fetch failed,,fetch failed,yes,review_row:56,,no,,,0,0,no,no,unknown,unknown,unknown,unknown,unknown,unknown,unknown,fetch failed,2026-05-22T10:05:27.889Z
p2-reclass-005,5,59,P2,verify_directory_fit_before_any_approval,https://activerain.com/,activerain.com,,approved | reject_not_directory | reject_not_submit | reject_paid | reject_auth_required,review_fetch_failed,needs_manual_check,low,,manual_browser_check_required_before_decision,HTTP 403; evidence: HTTP 403,,HTTP 403,yes,review_row:59,403,no,https://activerain.com/,activerain.com,0,0,no,no,no,no,no,no,no,no,no,HTTP 403,2026-05-22T10:05:38.036Z
p2-reclass-005,6,71,P2,verify_directory_fit_before_any_approval,https://aiforme.wiki/,aiforme.wiki,,approved | reject_not_directory | reject_not_submit | reject_paid | reject_auth_required,reject_auth_required,reject_auth_required,medium,,reject_for_automation_unless_human_assisted_flow_is_explicitly_planned,CAPTCHA or Cloudflare/human-verification signal found; evidence: Cloudflare/human verification signal found,,CAPTCHA or Cloudflare/human-verification signal found,yes,review_row:71,200,yes,https://aiforme.wiki/cgi-sys/suspendedpage.cgi,aiforme.wiki,0,0,no,no,no,no,no,no,yes,no,no,,2026-05-22T10:05:39.142Z
p2-reclass-005,7,80,P2,verify_directory_fit_before_any_approval,https://aitoolsguide.com/,aitoolsguide.com,,approved | reject_not_directory | reject_not_submit | reject_paid | reject_auth_required,reject_paid,reject_auth_required,medium,,reject_for_automation_unless_human_assisted_flow_is_explicitly_planned,"CAPTCHA or Cloudflare/human-verification signal found; evidence: payment/pricing signal found; Cloudflare/human verification signal found; 1 form(s), 2 input/select/textarea fields; submit/add/list/publish button text signal found; directory/listing marketplace text signal found",,CAPTCHA or Cloudflare/human-verification signal found,yes,review_row:80,200,yes,https://aitoolsguide.com/,aitoolsguide.com,1,2,yes,no,yes,no,no,no,yes,yes,no,,2026-05-22T10:05:49.299Z
p2-reclass-005,8,95,P2,verify_directory_fit_before_any_approval,https://apitracker.io/mcp-servers,apitracker.io,,approved | reject_not_directory | reject_not_submit | reject_paid | reject_auth_required,review_fetch_failed,needs_manual_check,low,,manual_browser_check_required_before_decision,HTTP 403; evidence: HTTP 403,,HTTP 403,yes,review_row:95,403,no,https://apitracker.io/mcp-servers,apitracker.io,0,0,no,no,no,no,no,no,no,no,no,HTTP 403,2026-05-22T10:06:00.868Z
p2-reclass-005,9,100,P2,verify_directory_fit_before_any_approval,https://www.artstation.com/,artstation.com,,approved | reject_not_directory | reject_not_submit | reject_paid | reject_auth_required,review_fetch_failed,needs_manual_check,low,,manual_browser_check_required_before_decision,fetch failed; evidence: fetch failed,,fetch failed,yes,review_row:100,,no,,,0,0,no,no,unknown,unknown,unknown,unknown,unknown,unknown,unknown,fetch failed,2026-05-22T10:06:05.764Z
p2-reclass-005,10,101,P2,verify_directory_fit_before_any_approval,https://www.athlinks.com/,athlinks.com,,approved | reject_not_directory | reject_not_submit | reject_paid | reject_auth_required,reject_auth_required,reject_auth_required,medium,,reject_for_automation_unless_human_assisted_flow_is_explicitly_planned,CAPTCHA or Cloudflare/human-verification signal found; evidence: CAPTCHA signal found; Cloudflare/human verification signal found,,CAPTCHA or Cloudflare/human-verification signal found,yes,review_row:101,200,yes,https://www.athlinks.com/,athlinks.com,0,0,no,no,no,no,no,yes,yes,no,no,,2026-05-22T10:06:16.267Z
p2-reclass-005,11,111,P2,verify_directory_fit_before_any_approval,https://bandcamp.com/,bandcamp.com,,approved | reject_not_directory | reject_not_submit | reject_paid | reject_auth_required,review_fetch_failed,needs_manual_check,low,,manual_browser_check_required_before_decision,fetch failed; evidence: fetch failed,,fetch failed,yes,review_row:111,,no,,,0,0,no,no,unknown,unknown,unknown,unknown,unknown,unknown,unknown,fetch failed,2026-05-22T10:06:19.532Z
p2-reclass-005,12,114,P2,verify_directory_fit_before_any_approval,https://www.behance.net/,behance.net,,approved | reject_not_directory | reject_not_submit | reject_paid | reject_auth_required,review_fetch_failed,needs_manual_check,low,,manual_browser_check_required_before_decision,fetch failed; evidence: fetch failed,,fetch failed,yes,review_row:114,,no,,,0,0,no,no,unknown,unknown,unknown,unknown,unknown,unknown,unknown,fetch failed,2026-05-22T10:06:20.203Z
p2-reclass-005,13,126,P2,verify_directory_fit_before_any_approval,https://www.bizsugar.com/,bizsugar.com,,approved | reject_not_directory | reject_not_submit | reject_paid | reject_auth_required,reject_paid,reject_auth_required,medium,,reject_for_automation_unless_human_assisted_flow_is_explicitly_planned,"CAPTCHA or Cloudflare/human-verification signal found; evidence: payment/pricing signal found; CAPTCHA signal found; 3 form(s), 3 input/select/textarea fields; submit/add/list/publish button text signal found; directory/listing marketplace text signal found",,CAPTCHA or Cloudflare/human-verification signal found,yes,review_row:126,200,yes,https://bizsugar.com/,bizsugar.com,3,3,yes,no,yes,no,no,yes,no,yes,no,,2026-05-22T10:06:39.930Z
p2-reclass-005,14,142,P2,verify_directory_fit_before_any_approval,https://www.blogarama.com/,blogarama.com,,approved | reject_not_directory | reject_not_submit | reject_paid | reject_auth_required,review_fetch_failed,needs_manual_check,low,,manual_browser_check_required_before_decision,fetch failed; evidence: fetch failed,,fetch failed,yes,review_row:142,,no,,,0,0,no,no,unknown,unknown,unknown,unknown,unknown,unknown,unknown,fetch failed,2026-05-22T10:06:48.342Z
p2-reclass-005,15,146,P2,verify_directory_fit_before_any_approval,https://www.blogger.com/,blogger.com,,approved | reject_not_directory | reject_not_submit | reject_paid | reject_auth_required,review_fetch_failed,needs_manual_check,low,,manual_browser_check_required_before_decision,fetch failed; evidence: fetch failed,,fetch failed,yes,review_row:146,,no,,,0,0,no,no,unknown,unknown,unknown,unknown,unknown,unknown,unknown,fetch failed,2026-05-22T10:06:59.790Z
p2-reclass-005,16,169,P2,verify_directory_fit_before_any_approval,https://businesshunt.co/,businesshunt.co,,approved | reject_not_directory | reject_not_submit | reject_paid | reject_auth_required,review_fetch_failed,needs_manual_check,low,,manual_browser_check_required_before_decision,fetch failed; evidence: fetch failed,,fetch failed,yes,review_row:169,,no,,,0,0,no,no,unknown,unknown,unknown,unknown,unknown,unknown,unknown,fetch failed,2026-05-22T10:07:16.073Z
p2-reclass-005,17,172,P2,verify_directory_fit_before_any_approval,https://www.cabinetm.com/,cabinetm.com,,approved | reject_not_directory | reject_not_submit | reject_paid | reject_auth_required,reject_auth_required,reject_auth_required,medium,,reject_for_automation_unless_human_assisted_flow_is_explicitly_planned,CAPTCHA or Cloudflare/human-verification signal found; evidence: CAPTCHA signal found; final domain changed to cabinetmsd.my.canva.site,,CAPTCHA or Cloudflare/human-verification signal found,yes,review_row:172,200,yes,https://cabinetmsd.my.canva.site/,cabinetmsd.my.canva.site,0,0,no,no,no,no,no,yes,no,no,no,,2026-05-22T10:07:19.755Z
p2-reclass-005,18,173,P2,verify_directory_fit_before_any_approval,https://www.calameo.com/,calameo.com,,approved | reject_not_directory | reject_not_submit | reject_paid | reject_auth_required,review_fetch_failed,needs_manual_check,low,,manual_browser_check_required_before_decision,fetch failed; evidence: fetch failed,,fetch failed,yes,review_row:173,,no,,,0,0,no,no,unknown,unknown,unknown,unknown,unknown,unknown,unknown,fetch failed,2026-05-22T10:07:22.608Z
p2-reclass-005,19,202,P2,verify_directory_fit_before_any_approval,https://www.cuspera.com/,cuspera.com,,approved | reject_not_directory | reject_not_submit | reject_paid | reject_auth_required,reject_auth_required,reject_auth_required,medium,,reject_for_automation_unless_human_assisted_flow_is_explicitly_planned,CAPTCHA or Cloudflare/human-verification signal found; evidence: CAPTCHA signal found; Cloudflare/human verification signal found; submit/add/list/publish button text signal found; directory/listing marketplace text signal found,,CAPTCHA or Cloudflare/human-verification signal found,yes,review_row:202,200,yes,https://www.cuspera.com/,cuspera.com,0,2,yes,no,yes,no,no,yes,yes,no,no,,2026-05-22T10:07:43.468Z
p2-reclass-005,20,216,P2,verify_directory_fit_before_any_approval,https://www.directory.ldmstudio.com/,directory.ldmstudio.com,,approved | reject_not_directory | reject_not_submit | reject_paid | reject_auth_required,review_possible_submit_form,needs_manual_check,medium,approved,manual_confirm_public_free_submit_form_before_approval,"form, submit signal, and directory/listing signal found; evidence: 1 form(s), 2 input/select/textarea fields; submit/add/list/publish button text signal found; directory/listing marketplace text signal found; if manually confirmed, use approved with reviewer notes",,"form, submit signal, and directory/listing signal found",yes,review_row:216,200,yes,https://www.directory.ldmstudio.com/,directory.ldmstudio.com,1,2,yes,no,yes,no,no,no,no,no,no,,2026-05-22T10:07:47.553Z
p2-reclass-005,21,217,P2,verify_directory_fit_before_any_approval,https://disqus.com/,disqus.com,,approved | reject_not_directory | reject_not_submit | reject_paid | reject_auth_required,review_fetch_failed,needs_manual_check,low,,manual_browser_check_required_before_decision,fetch failed; evidence: fetch failed,,fetch failed,yes,review_row:217,,no,,,0,0,no,no,unknown,unknown,unknown,unknown,unknown,unknown,unknown,fetch failed,2026-05-22T10:07:48.925Z
p2-reclass-005,22,224,P2,verify_directory_fit_before_any_approval,https://ecosystem.hubspot.com/marketplace,ecosystem.hubspot.com,,approved | reject_not_directory | reject_not_submit | reject_paid | reject_auth_required,reject_auth_required,reject_auth_required,medium,,reject_for_automation_unless_human_assisted_flow_is_explicitly_planned,CAPTCHA or Cloudflare/human-verification signal found; evidence: Cloudflare/human verification signal found; directory/listing marketplace text signal found,,CAPTCHA or Cloudflare/human-verification signal found,yes,review_row:224,200,yes,https://ecosystem.hubspot.com/marketplace,ecosystem.hubspot.com,0,0,no,no,yes,no,no,no,yes,no,no,,2026-05-22T10:08:00.647Z
p2-reclass-005,23,227,P2,verify_directory_fit_before_any_approval,https://www.etsy.com/,etsy.com,,approved | reject_not_directory | reject_not_submit | reject_paid | reject_auth_required,review_fetch_failed,needs_manual_check,low,,manual_browser_check_required_before_decision,fetch failed; evidence: fetch failed,,fetch failed,yes,review_row:227,,no,,,0,0,no,no,unknown,unknown,unknown,unknown,unknown,unknown,unknown,fetch failed,2026-05-22T10:08:03.243Z
p2-reclass-005,24,228,P2,verify_directory_fit_before_any_approval,https://www.eu-business.com/,eu-business.com,,approved | reject_not_directory | reject_not_submit | reject_paid | reject_auth_required,review_fetch_failed,needs_manual_check,low,,manual_browser_check_required_before_decision,fetch failed; evidence: fetch failed,,fetch failed,yes,review_row:228,,no,,,0,0,no,no,unknown,unknown,unknown,unknown,unknown,unknown,unknown,fetch failed,2026-05-22T10:08:13.755Z
p2-reclass-005,25,230,P2,verify_directory_fit_before_any_approval,https://evernote.com/,evernote.com,,approved | reject_not_directory | reject_not_submit | reject_paid | reject_auth_required,review_fetch_failed,needs_manual_check,low,,manual_browser_check_required_before_decision,fetch failed; evidence: fetch failed,,fetch failed,yes,review_row:230,,no,,,0,0,no,no,unknown,unknown,unknown,unknown,unknown,unknown,unknown,fetch failed,2026-05-22T10:08:17.900Z
p2-reclass-005,26,238,P2,verify_directory_fit_before_any_approval,https://ezinearticles.com/,ezinearticles.com,,approved | reject_not_directory | reject_not_submit | reject_paid | reject_auth_required,review_fetch_failed,needs_manual_check,low,,manual_browser_check_required_before_decision,fetch failed; evidence: fetch failed,,fetch failed,yes,review_row:238,,no,,,0,0,no,no,unknown,unknown,unknown,unknown,unknown,unknown,unknown,fetch failed,2026-05-22T10:08:28.431Z
p2-reclass-005,27,251,P2,verify_directory_fit_before_any_approval,https://www.finduslocal.com/,finduslocal.com,,approved | reject_not_directory | reject_not_submit | reject_paid | reject_auth_required,review_fetch_failed,needs_manual_check,low,,manual_browser_check_required_before_decision,fetch failed; evidence: fetch failed,,fetch failed,yes,review_row:251,,no,,,0,0,no,no,unknown,unknown,unknown,unknown,unknown,unknown,unknown,fetch failed,2026-05-22T10:08:37.118Z
p2-reclass-005,28,261,P2,verify_directory_fit_before_any_approval,https://www.flickr.com/,flickr.com,,approved | reject_not_directory | reject_not_submit | reject_paid | reject_auth_required,review_fetch_failed,needs_manual_check,low,,manual_browser_check_required_before_decision,fetch failed; evidence: fetch failed,,fetch failed,yes,review_row:261,,no,,,0,0,no,no,unknown,unknown,unknown,unknown,unknown,unknown,unknown,fetch failed,2026-05-22T10:08:47.629Z
p2-reclass-005,29,286,P2,verify_directory_fit_before_any_approval,https://gitlab.com/,gitlab.com,,approved | reject_not_directory | reject_not_submit | reject_paid | reject_auth_required,review_fetch_failed,needs_manual_check,low,,manual_browser_check_required_before_decision,fetch failed; evidence: fetch failed,,fetch failed,yes,review_row:286,,no,,,0,0,no,no,unknown,unknown,unknown,unknown,unknown,unknown,unknown,fetch failed,2026-05-22T10:09:05.448Z
p2-reclass-005,30,288,P2,verify_directory_fit_before_any_approval,https://glama.ai/mcp/servers,glama.ai,,approved | reject_not_directory | reject_not_submit | reject_paid | reject_auth_required,reject_paid,reject_not_submit,medium,,reject_unless_manual_review_finds_hidden_submit_entry,"no submit path, submit button, or form signal found; evidence: payment/pricing signal found; directory/listing marketplace text signal found",,"no submit path, submit button, or form signal found",yes,review_row:288,200,yes,https://glama.ai/mcp/servers,glama.ai,0,1,no,no,yes,no,no,no,no,yes,no,,2026-05-22T10:09:16.752Z
p2-reclass-005,31,293,P2,verify_directory_fit_before_any_approval,https://gptforge.net/,gptforge.net,,approved | reject_not_directory | reject_not_submit | reject_paid | reject_auth_required,reject_auth_required,reject_auth_required,medium,,reject_for_automation_unless_human_assisted_flow_is_explicitly_planned,CAPTCHA or Cloudflare/human-verification signal found; evidence: Cloudflare/human verification signal found,,CAPTCHA or Cloudflare/human-verification signal found,yes,review_row:293,200,yes,https://gptforge.net/,gptforge.net,0,0,no,no,no,no,no,no,yes,no,no,,2026-05-22T10:09:18.087Z
p2-reclass-005,32,295,P2,verify_directory_fit_before_any_approval,https://gravatar.com/,gravatar.com,,approved | reject_not_directory | reject_not_submit | reject_paid | reject_auth_required,review_fetch_failed,needs_manual_check,low,,manual_browser_check_required_before_decision,fetch failed; evidence: fetch failed,,fetch failed,yes,review_row:295,,no,,,0,0,no,no,unknown,unknown,unknown,unknown,unknown,unknown,unknown,fetch failed,2026-05-22T10:09:19.294Z
p2-reclass-005,33,297,P2,verify_directory_fit_before_any_approval,https://growthhackers.com/,growthhackers.com,,approved | reject_not_directory | reject_not_submit | reject_paid | reject_auth_required,review_fetch_failed,needs_manual_check,low,,manual_browser_check_required_before_decision,fetch failed; evidence: fetch failed,,fetch failed,yes,review_row:297,,no,,,0,0,no,no,unknown,unknown,unknown,unknown,unknown,unknown,unknown,fetch failed,2026-05-22T10:09:29.811Z
p2-reclass-005,34,303,P2,verify_directory_fit_before_any_approval,https://www.hg.org/,hg.org,,approved | reject_not_directory | reject_not_submit | reject_paid | reject_auth_required,review_fetch_failed,needs_manual_check,low,,manual_browser_check_required_before_decision,fetch failed; evidence: fetch failed,,fetch failed,yes,review_row:303,,no,,,0,0,no,no,unknown,unknown,unknown,unknown,unknown,unknown,unknown,fetch failed,2026-05-22T10:09:41.944Z
p2-reclass-005,35,309,P2,verify_directory_fit_before_any_approval,https://www.ibuildnew.com.au/,ibuildnew.com.au,,approved | reject_not_directory | reject_not_submit | reject_paid | reject_auth_required,reject_paid,reject_auth_required,medium,,reject_for_automation_unless_human_assisted_flow_is_explicitly_planned,CAPTCHA or Cloudflare/human-verification signal found; evidence: payment/pricing signal found; CAPTCHA signal found,,CAPTCHA or Cloudflare/human-verification signal found,yes,review_row:309,200,yes,https://www.ibuildnew.com.au/,ibuildnew.com.au,0,3,no,no,no,no,no,yes,no,yes,no,,2026-05-22T10:09:50.664Z
p2-reclass-005,36,310,P2,verify_directory_fit_before_any_approval,https://imgur.com/,imgur.com,,approved | reject_not_directory | reject_not_submit | reject_paid | reject_auth_required,review_fetch_failed,needs_manual_check,low,,manual_browser_check_required_before_decision,fetch failed; evidence: fetch failed,,fetch failed,yes,review_row:310,,no,,,0,0,no,no,unknown,unknown,unknown,unknown,unknown,unknown,unknown,fetch failed,2026-05-22T10:09:52.488Z
p2-reclass-005,37,312,P2,verify_directory_fit_before_any_approval,https://www.indiamart.com/,indiamart.com,,approved | reject_not_directory | reject_not_submit | reject_paid | reject_auth_required,review_fetch_failed,needs_manual_check,low,,manual_browser_check_required_before_decision,HTTP 429; evidence: HTTP 429,,HTTP 429,yes,review_row:312,429,no,https://www.indiamart.com/,indiamart.com,0,0,no,no,no,no,no,no,no,no,no,HTTP 429,2026-05-22T10:09:55.840Z
p2-reclass-005,38,313,P2,verify_directory_fit_before_any_approval,https://www.indiehacker.tools/,indiehacker.tools,,approved | reject_not_directory | reject_not_submit | reject_paid | reject_auth_required,reject_not_submit,reject_not_submit,medium,,reject_unless_manual_review_finds_hidden_submit_entry,"no submit path, submit button, or form signal found; evidence: directory/listing marketplace text signal found",,"no submit path, submit button, or form signal found",yes,review_row:313,200,yes,https://www.indiehacker.tools/,indiehacker.tools,0,0,no,no,yes,no,no,no,no,no,no,,2026-05-22T10:09:57.234Z
p2-reclass-005,39,314,P2,verify_directory_fit_before_any_approval,https://www.indiehustles.com/,indiehustles.com,,approved | reject_not_directory | reject_not_submit | reject_paid | reject_auth_required,reject_not_submit,reject_not_submit,medium,,reject_unless_manual_review_finds_hidden_submit_entry,"no submit path, submit button, or form signal found; evidence: directory/listing marketplace text signal found",,"no submit path, submit button, or form signal found",yes,review_row:314,200,yes,https://indiehustles.com/,indiehustles.com,0,0,no,no,yes,no,no,no,no,no,no,,2026-05-22T10:09:59.241Z
p2-reclass-005,40,316,P2,verify_directory_fit_before_any_approval,https://issuu.com/,issuu.com,,approved | reject_not_directory | reject_not_submit | reject_paid | reject_auth_required,review_fetch_failed,needs_manual_check,low,,manual_browser_check_required_before_decision,fetch failed; evidence: fetch failed,,fetch failed,yes,review_row:316,,no,,,0,0,no,no,unknown,unknown,unknown,unknown,unknown,unknown,unknown,fetch failed,2026-05-22T10:10:03.428Z
p2-reclass-005,41,325,P2,verify_directory_fit_before_any_approval,https://www.justlanded.com/,justlanded.com,,approved | reject_not_directory | reject_not_submit | reject_paid | reject_auth_required,review_fetch_failed,needs_manual_check,low,,manual_browser_check_required_before_decision,fetch failed; evidence: fetch failed,,fetch failed,yes,review_row:325,,no,,,0,0,no,no,unknown,unknown,unknown,unknown,unknown,unknown,unknown,fetch failed,2026-05-22T10:10:17.224Z
p2-reclass-005,42,326,P2,verify_directory_fit_before_any_approval,https://www.kaggle.com/,kaggle.com,,approved | reject_not_directory | reject_not_submit | reject_paid | reject_auth_required,reject_auth_required,reject_auth_required,medium,,reject_for_automation_unless_human_assisted_flow_is_explicitly_planned,CAPTCHA or Cloudflare/human-verification signal found; evidence: CAPTCHA signal found,,CAPTCHA or Cloudflare/human-verification signal found,yes,review_row:326,200,yes,https://www.kaggle.com/,kaggle.com,0,0,no,no,no,no,no,yes,no,no,no,,2026-05-22T10:10:27.378Z
p2-reclass-005,43,338,P2,verify_directory_fit_before_any_approval,https://www.livejournal.com/,livejournal.com,,approved | reject_not_directory | reject_not_submit | reject_paid | reject_auth_required,review_fetch_failed,needs_manual_check,low,,manual_browser_check_required_before_decision,fetch failed; evidence: fetch failed,,fetch failed,yes,review_row:338,,no,,,0,0,no,no,unknown,unknown,unknown,unknown,unknown,unknown,unknown,fetch failed,2026-05-22T10:10:31.787Z
p2-reclass-005,44,339,P2,verify_directory_fit_before_any_approval,https://www.llmrelevance.com/,llmrelevance.com,,approved | reject_not_directory | reject_not_submit | reject_paid | reject_auth_required,reject_paid,reject_auth_required,medium,,reject_for_automation_unless_human_assisted_flow_is_explicitly_planned,CAPTCHA or Cloudflare/human-verification signal found; evidence: payment/pricing signal found; CAPTCHA signal found; submit/add/list/publish button text signal found; directory/listing marketplace text signal found,,CAPTCHA or Cloudflare/human-verification signal found,yes,review_row:339,200,yes,https://www.llmrelevance.com/,llmrelevance.com,0,0,yes,no,yes,no,no,yes,no,yes,no,,2026-05-22T10:10:32.952Z
p2-reclass-005,45,352,P2,verify_directory_fit_before_any_approval,https://makerthrive.com/,makerthrive.com,,approved | reject_not_directory | reject_not_submit | reject_paid | reject_auth_required,reject_auth_required,reject_auth_required,medium,,reject_for_automation_unless_human_assisted_flow_is_explicitly_planned,CAPTCHA or Cloudflare/human-verification signal found; evidence: CAPTCHA signal found; Cloudflare/human verification signal found; directory/listing marketplace text signal found,,CAPTCHA or Cloudflare/human-verification signal found,yes,review_row:352,200,yes,https://www.makerthrive.com/,makerthrive.com,0,0,no,no,yes,no,no,yes,yes,no,no,,2026-05-22T10:10:39.825Z
p2-reclass-005,46,358,P2,verify_directory_fit_before_any_approval,https://www.massagetherapy.com/,massagetherapy.com,,approved | reject_not_directory | reject_not_submit | reject_paid | reject_auth_required,reject_auth_required,reject_auth_required,medium,,reject_for_automation_unless_human_assisted_flow_is_explicitly_planned,"CAPTCHA or Cloudflare/human-verification signal found; evidence: CAPTCHA signal found; 1 form(s), 5 input/select/textarea fields; submit/add/list/publish button text signal found; directory/listing marketplace text signal found",,CAPTCHA or Cloudflare/human-verification signal found,yes,review_row:358,200,yes,https://www.massagetherapy.com/,massagetherapy.com,1,5,yes,no,yes,no,no,yes,no,no,no,,2026-05-22T10:10:45.345Z
p2-reclass-005,47,364,P2,verify_directory_fit_before_any_approval,https://www.mixcloud.com/,mixcloud.com,,approved | reject_not_directory | reject_not_submit | reject_paid | reject_auth_required,review_fetch_failed,needs_manual_check,low,,manual_browser_check_required_before_decision,fetch failed; evidence: fetch failed,,fetch failed,yes,review_row:364,,no,,,0,0,no,no,unknown,unknown,unknown,unknown,unknown,unknown,unknown,fetch failed,2026-05-22T10:10:49.818Z
p2-reclass-005,48,387,P2,verify_directory_fit_before_any_approval,https://www.newswiretoday.com/,newswiretoday.com,,approved | reject_not_directory | reject_not_submit | reject_paid | reject_auth_required,review_fetch_failed,needs_manual_check,low,,manual_browser_check_required_before_decision,fetch failed; evidence: fetch failed,,fetch failed,yes,review_row:387,,no,,,0,0,no,no,unknown,unknown,unknown,unknown,unknown,unknown,unknown,fetch failed,2026-05-22T10:45:37.437Z
p2-reclass-005,49,397,P2,verify_directory_fit_before_any_approval,https://www.notion.so/integrations,notion.so,,approved | reject_not_directory | reject_not_submit | reject_paid | reject_auth_required,review_fetch_failed,needs_manual_check,low,,manual_browser_check_required_before_decision,fetch failed; evidence: fetch failed,,fetch failed,yes,review_row:397,,no,,,0,0,no,no,unknown,unknown,unknown,unknown,unknown,unknown,unknown,fetch failed,2026-05-22T10:45:40.428Z
p2-reclass-005,50,401,P2,verify_directory_fit_before_any_approval,https://www.onlineprnews.com/,onlineprnews.com,,approved | reject_not_directory | reject_not_submit | reject_paid | reject_auth_required,review_fetch_failed,needs_manual_check,low,,manual_browser_check_required_before_decision,fetch failed; evidence: fetch failed,,fetch failed,yes,review_row:401,,no,,,0,0,no,no,unknown,unknown,unknown,unknown,unknown,unknown,unknown,fetch failed,2026-05-22T10:45:47.081Z
p2-reclass-005,51,413,P2,verify_directory_fit_before_any_approval,https://www.patreon.com/,patreon.com,,approved | reject_not_directory | reject_not_submit | reject_paid | reject_auth_required,review_fetch_failed,needs_manual_check,low,,manual_browser_check_required_before_decision,fetch failed; evidence: fetch failed,,fetch failed,yes,review_row:413,,no,,,0,0,no,no,unknown,unknown,unknown,unknown,unknown,unknown,unknown,fetch failed,2026-05-22T10:46:00.976Z
p2-reclass-005,52,426,P2,verify_directory_fit_before_any_approval,https://porch.com/,porch.com,,approved | reject_not_directory | reject_not_submit | reject_paid | reject_auth_required,review_fetch_failed,needs_manual_check,low,,manual_browser_check_required_before_decision,HTTP 403; evidence: HTTP 403,,HTTP 403,yes,review_row:426,403,no,https://porch.com/,porch.com,0,0,no,no,no,no,no,no,no,no,no,HTTP 403,2026-05-22T10:46:19.151Z
p2-reclass-005,53,428,P2,verify_directory_fit_before_any_approval,https://www.pr-free.com/,pr-free.com,,approved | reject_not_directory | reject_not_submit | reject_paid | reject_auth_required,review_fetch_failed,needs_manual_check,low,,manual_browser_check_required_before_decision,fetch failed; evidence: fetch failed,,fetch failed,yes,review_row:428,,no,,,0,0,no,no,unknown,unknown,unknown,unknown,unknown,unknown,unknown,fetch failed,2026-05-22T10:46:20.475Z
p2-reclass-005,54,444,P2,verify_directory_fit_before_any_approval,https://www.quibblo.com/,quibblo.com,,approved | reject_not_directory | reject_not_submit | reject_paid | reject_auth_required,review_fetch_failed,needs_manual_check,low,,manual_browser_check_required_before_decision,HTTP 500; evidence: HTTP 500,,HTTP 500,yes,review_row:444,500,no,https://quibblo.com/,quibblo.com,0,0,no,no,no,no,no,no,no,no,no,HTTP 500,2026-05-22T10:46:26.669Z
p2-reclass-005,55,467,P2,verify_directory_fit_before_any_approval,https://www.scribd.com/,scribd.com,,approved | reject_not_directory | reject_not_submit | reject_paid | reject_auth_required,review_fetch_failed,needs_manual_check,low,,manual_browser_check_required_before_decision,fetch failed; evidence: fetch failed,,fetch failed,yes,review_row:467,,no,,,0,0,no,no,unknown,unknown,unknown,unknown,unknown,unknown,unknown,fetch failed,2026-05-22T10:46:41.420Z
p2-reclass-005,56,476,P2,verify_directory_fit_before_any_approval,https://www.sitepoint.com/community,sitepoint.com,,approved | reject_not_directory | reject_not_submit | reject_paid | reject_auth_required,reject_auth_required,reject_auth_required,medium,,reject_for_automation_unless_human_assisted_flow_is_explicitly_planned,"CAPTCHA or Cloudflare/human-verification signal found; evidence: CAPTCHA signal found; 1 form(s), 4 input/select/textarea fields; submit/add/list/publish button text signal found; directory/listing marketplace text signal found",,CAPTCHA or Cloudflare/human-verification signal found,yes,review_row:476,200,yes,https://www.sitepoint.com/community/,sitepoint.com,1,4,yes,no,yes,no,no,yes,no,no,no,,2026-05-22T10:46:53.284Z
p2-reclass-005,57,482,P2,verify_directory_fit_before_any_approval,https://www.slant.co/,slant.co,,approved | reject_not_directory | reject_not_submit | reject_paid | reject_auth_required,reject_auth_required,reject_auth_required,medium,,reject_for_automation_unless_human_assisted_flow_is_explicitly_planned,"CAPTCHA or Cloudflare/human-verification signal found; evidence: CAPTCHA signal found; Cloudflare/human verification signal found; 3 form(s), 3 input/select/textarea fields; submit/add/list/publish button text signal found; directory/listing marketplace text signal found",,CAPTCHA or Cloudflare/human-verification signal found,yes,review_row:482,200,yes,https://www.slant.co/,slant.co,3,3,yes,no,yes,no,no,yes,yes,no,no,,2026-05-22T10:46:55.744Z
p2-reclass-005,58,485,P2,verify_directory_fit_before_any_approval,https://www.slideshare.net/,slideshare.net,,approved | reject_not_directory | reject_not_submit | reject_paid | reject_auth_required,review_fetch_failed,needs_manual_check,low,,manual_browser_check_required_before_decision,fetch failed; evidence: fetch failed,,fetch failed,yes,review_row:485,,no,,,0,0,no,no,unknown,unknown,unknown,unknown,unknown,unknown,unknown,fetch failed,2026-05-22T10:46:57.258Z
p2-reclass-005,59,491,P2,verify_directory_fit_before_any_approval,https://soundcloud.com/,soundcloud.com,,approved | reject_not_directory | reject_not_submit | reject_paid | reject_auth_required,review_fetch_failed,needs_manual_check,low,,manual_browser_check_required_before_decision,fetch failed; evidence: fetch failed,,fetch failed,yes,review_row:491,,no,,,0,0,no,no,unknown,unknown,unknown,unknown,unknown,unknown,unknown,fetch failed,2026-05-22T10:47:09.908Z
p2-reclass-005,60,501,P2,verify_directory_fit_before_any_approval,https://startupfa.me/,startupfa.me,,approved | reject_not_directory | reject_not_submit | reject_paid | reject_auth_required,reject_paid,needs_manual_check,low,,manual_confirm_submit_form_and_blockers,submit URL/button signal found but evidence is incomplete; evidence: payment/pricing signal found; submit/add/list/publish button text signal found; directory/listing marketplace text signal found,,submit URL/button signal found but evidence is incomplete,yes,review_row:501,200,yes,https://startupfa.me/,startupfa.me,0,0,yes,no,yes,no,no,no,no,yes,no,,2026-05-22T10:47:21.681Z
p2-reclass-005,61,502,P2,verify_directory_fit_before_any_approval,https://www.startups.com/,startups.com,,approved | reject_not_directory | reject_not_submit | reject_paid | reject_auth_required,review_fetch_failed,needs_manual_check,low,,manual_browser_check_required_before_decision,HTTP 429; evidence: directory/listing marketplace text signal found; HTTP 429,,HTTP 429,yes,review_row:502,429,no,https://www.startups.com/,startups.com,0,0,no,no,yes,no,no,no,no,no,no,HTTP 429,2026-05-22T10:47:24.729Z
p2-reclass-005,62,505,P2,verify_directory_fit_before_any_approval,https://startus.cc/,startus.cc,,approved | reject_not_directory | reject_not_submit | reject_paid | reject_auth_required,review_fetch_failed,needs_manual_check,low,,manual_browser_check_required_before_decision,fetch failed; evidence: fetch failed,,fetch failed,yes,review_row:505,,no,,,0,0,no,no,unknown,unknown,unknown,unknown,unknown,unknown,unknown,fetch failed,2026-05-22T10:47:25.354Z
p2-reclass-005,63,507,P2,verify_directory_fit_before_any_approval,https://www.strava.com/,strava.com,,approved | reject_not_directory | reject_not_submit | reject_paid | reject_auth_required,review_fetch_failed,needs_manual_check,low,,manual_browser_check_required_before_decision,fetch failed; evidence: fetch failed,,fetch failed,yes,review_row:507,,no,,,0,0,no,no,unknown,unknown,unknown,unknown,unknown,unknown,unknown,fetch failed,2026-05-22T10:47:28.948Z
p2-reclass-005,64,511,P2,verify_directory_fit_before_any_approval,https://substack.com/,substack.com,,approved | reject_not_directory | reject_not_submit | reject_paid | reject_auth_required,review_fetch_failed,needs_manual_check,low,,manual_browser_check_required_before_decision,fetch failed; evidence: fetch failed,,fetch failed,yes,review_row:511,,no,,,0,0,no,no,unknown,unknown,unknown,unknown,unknown,unknown,unknown,fetch failed,2026-05-22T10:47:30.740Z
p2-reclass-005,65,517,P2,verify_directory_fit_before_any_approval,https://taalk.com/,taalk.com,,approved | reject_not_directory | reject_not_submit | reject_paid | reject_auth_required,reject_paid,reject_auth_required,medium,,reject_for_automation_unless_human_assisted_flow_is_explicitly_planned,"CAPTCHA or Cloudflare/human-verification signal found; evidence: payment/pricing signal found; CAPTCHA signal found; Cloudflare/human verification signal found; 3 form(s), 7 input/select/textarea fields; submit/add/list/publish button text signal found; directory/listing marketplace text signal found",,CAPTCHA or Cloudflare/human-verification signal found,yes,review_row:517,200,yes,https://taalk.com/,taalk.com,3,7,yes,no,yes,no,no,yes,yes,yes,no,,2026-05-22T10:47:43.169Z
p2-reclass-005,66,518,P2,verify_directory_fit_before_any_approval,https://www.teacherspayteachers.com/,teacherspayteachers.com,,approved | reject_not_directory | reject_not_submit | reject_paid | reject_auth_required,review_fetch_failed,needs_manual_check,low,,manual_browser_check_required_before_decision,fetch failed; evidence: fetch failed,,fetch failed,yes,review_row:518,,no,,,0,0,no,no,unknown,unknown,unknown,unknown,unknown,unknown,unknown,fetch failed,2026-05-22T10:47:45.394Z
p2-reclass-005,67,519,P2,verify_directory_fit_before_any_approval,https://tech.co/,tech.co,,approved | reject_not_directory | reject_not_submit | reject_paid | reject_auth_required,review_fetch_failed,needs_manual_check,low,,manual_browser_check_required_before_decision,HTTP 405; evidence: HTTP 405,,HTTP 405,yes,review_row:519,405,no,https://tech.co/,tech.co,0,0,no,no,no,no,no,no,no,no,no,HTTP 405,2026-05-22T10:47:55.896Z
p2-reclass-005,68,538,P2,verify_directory_fit_before_any_approval,https://toolsfine.com/,toolsfine.com,,approved | reject_not_directory | reject_not_submit | reject_paid | reject_auth_required,reject_auth_required,reject_auth_required,medium,,reject_for_automation_unless_human_assisted_flow_is_explicitly_planned,"CAPTCHA or Cloudflare/human-verification signal found; evidence: Cloudflare/human verification signal found; 1 form(s), 1 input/select/textarea fields; submit/add/list/publish button text signal found; directory/listing marketplace text signal found",,CAPTCHA or Cloudflare/human-verification signal found,yes,review_row:538,200,yes,https://toolsfine.com/,toolsfine.com,1,1,yes,no,yes,no,no,no,yes,no,no,,2026-05-22T10:47:59.644Z
p2-reclass-005,69,540,P2,verify_directory_fit_before_any_approval,https://trustmrr.com/,trustmrr.com,,approved | reject_not_directory | reject_not_submit | reject_paid | reject_auth_required,reject_paid,reject_auth_required,medium,,reject_for_automation_unless_human_assisted_flow_is_explicitly_planned,CAPTCHA or Cloudflare/human-verification signal found; evidence: payment/pricing signal found; CAPTCHA signal found; submit/add/list/publish button text signal found; directory/listing marketplace text signal found,,CAPTCHA or Cloudflare/human-verification signal found,yes,review_row:540,200,yes,https://trustmrr.com/,trustmrr.com,0,4,yes,no,yes,no,no,yes,no,yes,no,,2026-05-22T10:48:02.992Z
p2-reclass-005,70,542,P2,verify_directory_fit_before_any_approval,https://www.tumblr.com/,tumblr.com,,approved | reject_not_directory | reject_not_submit | reject_paid | reject_auth_required,review_fetch_failed,needs_manual_check,low,,manual_browser_check_required_before_decision,fetch failed; evidence: fetch failed,,fetch failed,yes,review_row:542,,no,,,0,0,no,no,unknown,unknown,unknown,unknown,unknown,unknown,unknown,fetch failed,2026-05-22T10:48:05.275Z
p2-reclass-005,71,543,P2,verify_directory_fit_before_any_approval,https://tupalo.com/,tupalo.com,,approved | reject_not_directory | reject_not_submit | reject_paid | reject_auth_required,review_fetch_failed,needs_manual_check,low,,manual_browser_check_required_before_decision,fetch failed; evidence: fetch failed,,fetch failed,yes,review_row:543,,no,,,0,0,no,no,unknown,unknown,unknown,unknown,unknown,unknown,unknown,fetch failed,2026-05-22T10:48:15.779Z
p2-reclass-005,72,552,P2,verify_directory_fit_before_any_approval,https://www.webmasterworld.com/,webmasterworld.com,,approved | reject_not_directory | reject_not_submit | reject_paid | reject_auth_required,review_fetch_failed,needs_manual_check,low,,manual_browser_check_required_before_decision,fetch failed; evidence: fetch failed,,fetch failed,yes,review_row:552,,no,,,0,0,no,no,unknown,unknown,unknown,unknown,unknown,unknown,unknown,fetch failed,2026-05-22T10:48:33.556Z
p2-reclass-005,73,557,P2,verify_directory_fit_before_any_approval,https://www.wellness.com/,wellness.com,,approved | reject_not_directory | reject_not_submit | reject_paid | reject_auth_required,review_fetch_failed,needs_manual_check,low,,manual_browser_check_required_before_decision,HTTP 403; evidence: HTTP 403,,HTTP 403,yes,review_row:557,403,no,https://www.wellness.com/,wellness.com,0,0,no,no,no,no,no,no,no,no,no,HTTP 403,2026-05-22T10:48:47.444Z
p2-reclass-005,74,558,P2,verify_directory_fit_before_any_approval,https://whatlaunchedtoday.com/,whatlaunchedtoday.com,,approved | reject_not_directory | reject_not_submit | reject_paid | reject_auth_required,review_fetch_failed,needs_manual_check,low,,manual_browser_check_required_before_decision,fetch failed; evidence: fetch failed,,fetch failed,yes,review_row:558,,no,,,0,0,no,no,unknown,unknown,unknown,unknown,unknown,unknown,unknown,fetch failed,2026-05-22T10:48:49.890Z
p2-reclass-005,75,560,P2,verify_directory_fit_before_any_approval,https://www.where2go.com/,where2go.com,,approved | reject_not_directory | reject_not_submit | reject_paid | reject_auth_required,review_fetch_failed,needs_manual_check,low,,manual_browser_check_required_before_decision,fetch failed; evidence: fetch failed,,fetch failed,yes,review_row:560,,no,,,0,0,no,no,unknown,unknown,unknown,unknown,unknown,unknown,unknown,fetch failed,2026-05-22T10:48:50.342Z
p2-reclass-005,76,571,P2,verify_directory_fit_before_any_approval,https://your-product.com/,your-product.com,,approved | reject_not_directory | reject_not_submit | reject_paid | reject_auth_required,reject_not_submit,reject_not_submit,medium,,reject_unless_manual_review_finds_hidden_submit_entry,"no submit path, submit button, or form signal found; evidence: directory/listing marketplace text signal found",,"no submit path, submit button, or form signal found",yes,review_row:571,200,yes,https://your-product.com/de/,your-product.com,0,0,no,no,yes,no,no,no,no,no,no,,2026-05-22T10:49:10.390Z
p2-reclass-005,77,361,P2,verify_directory_fit_before_any_approval,https://metric-converter.net/,metric-converter.net,,approved | reject_not_directory | reject_not_submit | reject_paid | reject_auth_required,review_fetch_failed,needs_manual_check,low,,manual_browser_check_required_before_decision,fetch failed; evidence: fetch failed,,fetch failed,yes,review_row:361,,no,,,0,0,no,no,unknown,unknown,unknown,unknown,unknown,unknown,unknown,fetch failed,2026-05-22T10:49:14.933Z
p2-reclass-005,78,499,P2,verify_directory_fit_before_any_approval,https://startup88.com/,startup88.com,,approved | reject_not_directory | reject_not_submit | reject_paid | reject_auth_required,reject_auth_required,reject_auth_required,medium,,reject_for_automation_unless_human_assisted_flow_is_explicitly_planned,"CAPTCHA or Cloudflare/human-verification signal found; evidence: CAPTCHA signal found; Cloudflare/human verification signal found; 4 form(s), 8 input/select/textarea fields; submit/add/list/publish button text signal found; directory/listing marketplace text signal found",,CAPTCHA or Cloudflare/human-verification signal found,yes,review_row:499,200,yes,https://startup88.com/,startup88.com,4,8,yes,no,yes,no,no,yes,yes,no,no,,2026-05-22T10:49:19.502Z
p2-reclass-005,79,58,P2,verify_directory_fit_before_any_approval,https://accounts.google.com/,accounts.google.com,,approved | reject_not_directory | reject_not_submit | reject_paid | reject_auth_required,review_fetch_failed,needs_manual_check,low,,manual_browser_check_required_before_decision,fetch failed; evidence: fetch failed,,fetch failed,yes,review_row:58,,no,,,0,0,no,no,unknown,unknown,unknown,unknown,unknown,unknown,unknown,fetch failed,2026-05-22T10:49:27.387Z
p2-reclass-005,80,89,P2,verify_directory_fit_before_any_approval,https://www.anspblog.org/fin-to-limb-to-art,anspblog.org,,approved | reject_not_directory | reject_not_submit | reject_paid | reject_auth_required,review_fetch_failed,needs_manual_check,low,,manual_browser_check_required_before_decision,fetch failed; evidence: fetch failed,,fetch failed,yes,review_row:89,,no,,,0,0,no,no,unknown,unknown,unknown,unknown,unknown,unknown,unknown,fetch failed,2026-05-22T10:49:37.873Z
p2-reclass-005,81,93,P2,verify_directory_fit_before_any_approval,https://api.indexnow.org/indexnow,api.indexnow.org,,approved | reject_not_directory | reject_not_submit | reject_paid | reject_auth_required,review_fetch_failed,needs_manual_check,low,,manual_browser_check_required_before_decision,fetch failed; evidence: fetch failed,,fetch failed,yes,review_row:93,,no,,,0,0,no,no,unknown,unknown,unknown,unknown,unknown,unknown,unknown,fetch failed,2026-05-22T10:49:39.837Z
p2-reclass-005,82,97,P2,verify_directory_fit_before_any_approval,https://www.arlindovsky.net/2022/06/calendarizacao-da-mobilidade-por-doenca,arlindovsky.net,,approved | reject_not_directory | reject_not_submit | reject_paid | reject_auth_required,reject_auth_required,reject_not_directory,high,,reject_non_directory_source_page,"URL path (/2022/06/calendarizacao-da-mobilidade-por-doenca) looks like a source article, profile, forum, comment, or issue page; evidence: CAPTCHA signal found; 6 form(s), 32 input/select/textarea fields; submit/add/list/publish button text signal found; directory/listing marketplace text signal found",,"URL path (/2022/06/calendarizacao-da-mobilidade-por-doenca) looks like a source article, profile, forum, comment, or issue page",yes,review_row:97,200,yes,https://www.arlindovsky.net/2022/06/calendarizacao-da-mobilidade-por-doenca,arlindovsky.net,6,32,yes,no,yes,no,no,yes,no,no,no,,2026-05-22T10:49:40.206Z
p2-reclass-005,83,98,P2,verify_directory_fit_before_any_approval,https://www.arlindovsky.net/2024/05/e-depois-de-abril-paulo-prudencio,arlindovsky.net,,approved | reject_not_directory | reject_not_submit | reject_paid | reject_auth_required,reject_auth_required,reject_not_directory,high,,reject_non_directory_source_page,"URL path (/2024/05/e-depois-de-abril-paulo-prudencio) looks like a source article, profile, forum, comment, or issue page; evidence: CAPTCHA signal found; 6 form(s), 32 input/select/textarea fields; submit/add/list/publish button text signal found",,"URL path (/2024/05/e-depois-de-abril-paulo-prudencio) looks like a source article, profile, forum, comment, or issue page",yes,review_row:98,200,yes,https://www.arlindovsky.net/2024/05/e-depois-de-abril-paulo-prudencio,arlindovsky.net,6,32,yes,no,no,no,no,yes,no,no,no,,2026-05-22T10:49:43.524Z
p2-reclass-005,84,110,P2,verify_directory_fit_before_any_approval,https://bakersroyale.com/chocolate-banana-bread-muffins-stuffed-with-reeses-peanut-butter-cup,bakersroyale.com,,approved | reject_not_directory | reject_not_submit | reject_paid | reject_auth_required,reject_auth_required,reject_auth_required,medium,,reject_for_automation_unless_human_assisted_flow_is_explicitly_planned,"CAPTCHA or Cloudflare/human-verification signal found; evidence: CAPTCHA signal found; Cloudflare/human verification signal found; 5 form(s), 16 input/select/textarea fields; submit/add/list/publish button text signal found; directory/listing marketplace text signal found",,CAPTCHA or Cloudflare/human-verification signal found,yes,review_row:110,200,yes,https://bakersroyale.com/chocolate-banana-bread-muffins-stuffed-with-reeses-peanut-butter-cup/,bakersroyale.com,5,16,yes,no,yes,no,no,yes,yes,no,no,,2026-05-22T10:49:58.928Z
p2-reclass-005,85,112,P2,verify_directory_fit_before_any_approval,https://bangshift.com/bangshift1320/baby-gators-photos-nhra-divisional-sportsman-drag-racing-action-shots,bangshift.com,,approved | reject_not_directory | reject_not_submit | reject_paid | reject_auth_required,reject_auth_required,reject_auth_required,medium,,reject_for_automation_unless_human_assisted_flow_is_explicitly_planned,"CAPTCHA or Cloudflare/human-verification signal found; evidence: CAPTCHA signal found; Cloudflare/human verification signal found; 2 form(s), 3 input/select/textarea fields; submit/add/list/publish button text signal found; directory/listing marketplace text signal found",,CAPTCHA or Cloudflare/human-verification signal found,yes,review_row:112,200,yes,https://bangshift.com/bangshift1320/baby-gators-photos-nhra-divisional-sportsman-drag-racing-action-shots/,bangshift.com,2,3,yes,no,yes,no,no,yes,yes,no,no,,2026-05-22T10:50:01.607Z
p2-reclass-005,86,118,P2,verify_directory_fit_before_any_approval,https://www.betterreading.com.au/news/awards/breaking-news-announcing-the-2023-better-reading-top-100,betterreading.com.au,,approved | reject_not_directory | reject_not_submit | reject_paid | reject_auth_required,review_fetch_failed,reject_not_directory,high,,reject_non_directory_source_page,"URL path (/news/awards/breaking-news-announcing-the-2023-better-reading-top-100) looks like a source article, profile, forum, comment, or issue page; evidence: This operation was aborted",,"URL path (/news/awards/breaking-news-announcing-the-2023-better-reading-top-100) looks like a source article, profile, forum, comment, or issue page",yes,review_row:118,,no,,,0,0,no,no,unknown,unknown,unknown,unknown,unknown,unknown,unknown,This operation was aborted,2026-05-22T10:50:11.933Z
p2-reclass-005,87,119,P2,verify_directory_fit_before_any_approval,https://www.betterreading.com.au/news/book-life/wine-coffee-tea-what-do-you-drink-while-youre-reading,betterreading.com.au,,approved | reject_not_directory | reject_not_submit | reject_paid | reject_auth_required,review_fetch_failed,reject_not_directory,high,,reject_non_directory_source_page,"URL path (/news/book-life/wine-coffee-tea-what-do-you-drink-while-youre-reading) looks like a source article, profile, forum, comment, or issue page; evidence: This operation was aborted",,"URL path (/news/book-life/wine-coffee-tea-what-do-you-drink-while-youre-reading) looks like a source article, profile, forum, comment, or issue page",yes,review_row:119,,no,,,0,0,no,no,unknown,unknown,unknown,unknown,unknown,unknown,unknown,This operation was aborted,2026-05-22T10:50:41.940Z
p2-reclass-005,88,120,P2,verify_directory_fit_before_any_approval,https://bevcooks.com/2019/06/creamy-chicken-and-asparagus-casserole,bevcooks.com,,approved | reject_not_directory | reject_not_submit | reject_paid | reject_auth_required,reject_paid,reject_not_directory,high,,reject_non_directory_source_page,"URL path (/2019/06/creamy-chicken-and-asparagus-casserole) looks like a source article, profile, forum, comment, or issue page; evidence: payment/pricing signal found; CAPTCHA signal found; 3 form(s), 15 input/select/textarea fields; submit/add/list/publish button text signal found; directory/listing marketplace text signal found",,"URL path (/2019/06/creamy-chicken-and-asparagus-casserole) looks like a source article, profile, forum, comment, or issue page",yes,review_row:120,200,yes,https://bevcooks.com/2019/06/creamy-chicken-and-asparagus-casserole/,bevcooks.com,3,15,yes,no,yes,no,no,yes,no,yes,no,,2026-05-22T10:51:11.947Z
p2-reclass-005,89,123,P2,verify_directory_fit_before_any_approval,https://www.bing.com/indexnow,bing.com,,approved | reject_not_directory | reject_not_submit | reject_paid | reject_auth_required,reject_auth_required,reject_auth_required,medium,,reject_for_automation_unless_human_assisted_flow_is_explicitly_planned,CAPTCHA or Cloudflare/human-verification signal found; evidence: Cloudflare/human verification signal found; directory/listing marketplace text signal found,,CAPTCHA or Cloudflare/human-verification signal found,yes,review_row:123,200,yes,https://www.bing.com/indexnow,bing.com,0,0,no,no,yes,no,no,no,yes,no,no,,2026-05-22T10:51:22.913Z
p2-reclass-005,90,128,P2,verify_directory_fit_before_any_approval,https://www.blafusel.de/phpbb/memberlist.php?mode=viewprofile&u=8625,blafusel.de,,approved | reject_not_directory | reject_not_submit | reject_paid | reject_auth_required,review_possible_submit_form,reject_not_directory,high,,reject_non_directory_source_page,"URL path (/phpbb/memberlist.php) looks like a source article, profile, forum, comment, or issue page; evidence: 1 form(s), 2 input/select/textarea fields; submit/add/list/publish button text signal found",,"URL path (/phpbb/memberlist.php) looks like a source article, profile, forum, comment, or issue page",yes,review_row:128,200,yes,https://www.blafusel.de/phpbb/memberlist.php?mode=viewprofile&u=8625,blafusel.de,1,2,yes,no,no,no,no,no,no,no,no,,2026-05-22T10:51:23.757Z
p2-reclass-005,91,130,P2,verify_directory_fit_before_any_approval,https://www.blend4web.com/ru/forums/users/alexreynolds/posts,blend4web.com,,approved | reject_not_directory | reject_not_submit | reject_paid | reject_auth_required,review_possible_submit_form,reject_not_directory,high,,reject_non_directory_source_page,"URL path (/ru/forums/users/alexreynolds/posts) looks like a source article, profile, forum, comment, or issue page; evidence: 4 form(s), 14 input/select/textarea fields; submit/add/list/publish button text signal found; directory/listing marketplace text signal found",,"URL path (/ru/forums/users/alexreynolds/posts) looks like a source article, profile, forum, comment, or issue page",yes,review_row:130,200,yes,https://www.blend4web.com/ru/forums/users/alexreynolds/posts/,blend4web.com,4,14,yes,no,yes,no,no,no,no,no,no,,2026-05-22T10:51:27.588Z
p2-reclass-005,92,131,P2,verify_directory_fit_before_any_approval,https://blog.bmtmicro.com/4449-2,blog.bmtmicro.com,,approved | reject_not_directory | reject_not_submit | reject_paid | reject_auth_required,reject_auth_required,reject_not_directory,high,,reject_non_directory_source_page,"host/path (blog.bmtmicro.com/4449-2) looks like a blog/news content page, not a directory; evidence: CAPTCHA signal found; 3 form(s), 16 input/select/textarea fields; submit/add/list/publish button text signal found; directory/listing marketplace text signal found",,"host/path (blog.bmtmicro.com/4449-2) looks like a blog/news content page, not a directory",yes,review_row:131,200,yes,https://blog.bmtmicro.com/4449-2/,blog.bmtmicro.com,3,16,yes,no,yes,no,no,yes,no,no,no,,2026-05-22T10:51:30.775Z
p2-reclass-005,93,132,P2,verify_directory_fit_before_any_approval,https://blog.goaffpro.com/mastering-affiliate-product-reviews-a-step-by-step-guide-for-engaging-content-and-conversions,blog.goaffpro.com,,approved | reject_not_directory | reject_not_submit | reject_paid | reject_auth_required,reject_auth_required,reject_not_directory,high,,reject_non_directory_source_page,"host/path (blog.goaffpro.com/mastering-affiliate-product-reviews-a-step-by-step-guide-for-engaging-content-and-conversions) looks like a blog/news content page, not a directory; evidence: CAPTCHA signal found; Cloudflare/human verification signal found; 2 form(s), 12 input/select/textarea fields; submit/add/list/publish button text signal found; directory/listing marketplace text signal found",,"host/path (blog.goaffpro.com/mastering-affiliate-product-reviews-a-step-by-step-guide-for-engaging-content-and-conversions) looks like a blog/news content page, not a directory",yes,review_row:132,200,yes,https://blog.goaffpro.com/mastering-affiliate-product-reviews-a-step-by-step-guide-for-engaging-content-and-conversions/,blog.goaffpro.com,2,12,yes,no,yes,no,no,yes,yes,no,no,,2026-05-22T10:51:34.790Z
p2-reclass-005,94,139,P2,verify_directory_fit_before_any_approval,http://blog.setlist.fm/2009/03/setlistfm-hits-blogosphere.html,blog.setlist.fm,,approved | reject_not_directory | reject_not_submit | reject_paid | reject_auth_required,review_fetch_failed,reject_not_directory,high,,reject_non_directory_source_page,"URL path (/2009/03/setlistfm-hits-blogosphere.html) looks like a source article, profile, forum, comment, or issue page; evidence: fetch failed",,"URL path (/2009/03/setlistfm-hits-blogosphere.html) looks like a source article, profile, forum, comment, or issue page",yes,review_row:139,,no,,,0,0,no,no,unknown,unknown,unknown,unknown,unknown,unknown,unknown,fetch failed,2026-05-22T10:52:11.029Z
p2-reclass-005,95,161,P2,verify_directory_fit_before_any_approval,https://brownbagteacher.com/what-im-reading,brownbagteacher.com,,approved | reject_not_directory | reject_not_submit | reject_paid | reject_auth_required,review_fetch_failed,needs_manual_check,low,,manual_browser_check_required_before_decision,HTTP 403; evidence: HTTP 403,,HTTP 403,yes,review_row:161,403,no,https://brownbagteacher.com/what-im-reading,brownbagteacher.com,0,0,no,no,no,no,no,no,no,no,no,HTTP 403,2026-05-22T11:01:24.326Z
p2-reclass-005,96,178,P2,verify_directory_fit_before_any_approval,https://career.tu-sofia.bg/employer/geometry-dash-subzero,career.tu-sofia.bg,,approved | reject_not_directory | reject_not_submit | reject_paid | reject_auth_required,reject_auth_required,reject_auth_required,medium,,reject_for_automation_unless_human_assisted_flow_is_explicitly_planned,"CAPTCHA or Cloudflare/human-verification signal found; evidence: CAPTCHA signal found; 5 form(s), 24 input/select/textarea fields; submit/add/list/publish button text signal found; directory/listing marketplace text signal found",,CAPTCHA or Cloudflare/human-verification signal found,yes,review_row:178,200,yes,https://career.tu-sofia.bg/employer/geometry-dash-subzero,career.tu-sofia.bg,5,24,yes,no,yes,no,no,yes,no,no,no,,2026-05-22T11:01:35.122Z
p2-reclass-005,97,179,P2,verify_directory_fit_before_any_approval,https://cartoonresearch.com/index.php/forgotten-anime-57-kirara-2000,cartoonresearch.com,,approved | reject_not_directory | reject_not_submit | reject_paid | reject_auth_required,review_fetch_failed,needs_manual_check,low,,manual_browser_check_required_before_decision,fetch failed; evidence: fetch failed,,fetch failed,yes,review_row:179,,no,,,0,0,no,no,unknown,unknown,unknown,unknown,unknown,unknown,unknown,fetch failed,2026-05-22T11:01:36.866Z
p2-reclass-005,98,187,P2,verify_directory_fit_before_any_approval,https://cinescopia.com/las-10-mejores-peliculas-de-casey-affleck/2024/08,cinescopia.com,,approved | reject_not_directory | reject_not_submit | reject_paid | reject_auth_required,reject_auth_required,reject_auth_required,medium,,reject_for_automation_unless_human_assisted_flow_is_explicitly_planned,"CAPTCHA or Cloudflare/human-verification signal found; evidence: CAPTCHA signal found; 2 form(s), 11 input/select/textarea fields; submit/add/list/publish button text signal found; directory/listing marketplace text signal found",,CAPTCHA or Cloudflare/human-verification signal found,yes,review_row:187,200,yes,https://cinescopia.com/las-10-mejores-peliculas-de-casey-affleck/2024/08/,cinescopia.com,2,11,yes,no,yes,no,no,yes,no,no,no,,2026-05-22T11:02:18.539Z
p2-reclass-005,99,207,P2,verify_directory_fit_before_any_approval,https://www.demilked.com/just-a-girl,demilked.com,,approved | reject_not_directory | reject_not_submit | reject_paid | reject_auth_required,review_fetch_failed,needs_manual_check,low,,manual_browser_check_required_before_decision,HTTP 403; evidence: HTTP 403,,HTTP 403,yes,review_row:207,403,no,https://www.demilked.com/just-a-girl,demilked.com,0,0,no,no,no,no,no,no,no,no,no,HTTP 403,2026-05-22T11:02:45.979Z
p2-reclass-005,100,253,P2,verify_directory_fit_before_any_approval,https://www.fitlivingeats.com/7-easy-everyday-gluten-free-swaps,fitlivingeats.com,,approved | reject_not_directory | reject_not_submit | reject_paid | reject_auth_required,review_fetch_failed,needs_manual_check,low,,manual_browser_check_required_before_decision,This operation was aborted; evidence: This operation was aborted,,This operation was aborted,yes,review_row:253,,no,,,0,0,no,no,unknown,unknown,unknown,unknown,unknown,unknown,unknown,This operation was aborted,2026-05-22T11:03:55.214Z
p2-reclass-005,101,276,P2,verify_directory_fit_before_any_approval,https://www.ginjfo.com/actualites/logiciels/jeux-video-logiciels/les-sims-4-fetent-leur-25e-anniversaire-avec-du-nouveau-contenu-massif-20250227,ginjfo.com,,approved | reject_not_directory | reject_not_submit | reject_paid | reject_auth_required,reject_auth_required,reject_auth_required,medium,,reject_for_automation_unless_human_assisted_flow_is_explicitly_planned,"CAPTCHA or Cloudflare/human-verification signal found; evidence: CAPTCHA signal found; Cloudflare/human verification signal found; 3 form(s), 4 input/select/textarea fields; submit/add/list/publish button text signal found",,CAPTCHA or Cloudflare/human-verification signal found,yes,review_row:276,200,yes,https://www.ginjfo.com/actualites/logiciels/jeux-video-logiciels/les-sims-4-fetent-leur-25e-anniversaire-avec-du-nouveau-contenu-massif-20250227,ginjfo.com,3,4,yes,no,no,no,no,yes,yes,no,no,,2026-05-22T11:05:22.560Z
p2-reclass-005,102,287,P2,verify_directory_fit_before_any_approval,https://www.gizlogic.com/android-auto-8-4-lanzamiento,gizlogic.com,,approved | reject_not_directory | reject_not_submit | reject_paid | reject_auth_required,review_fetch_failed,needs_manual_check,low,,manual_browser_check_required_before_decision,fetch failed; evidence: fetch failed,,fetch failed,yes,review_row:287,,no,,,0,0,no,no,unknown,unknown,unknown,unknown,unknown,unknown,unknown,fetch failed,2026-05-22T11:05:25.097Z
p2-reclass-005,103,291,P2,verify_directory_fit_before_any_approval,http://godchild.keenspot.com/comic/evolution-of-maggie,godchild.keenspot.com,,approved | reject_not_directory | reject_not_submit | reject_paid | reject_auth_required,reject_paid,reject_auth_required,medium,,reject_for_automation_unless_human_assisted_flow_is_explicitly_planned,"CAPTCHA or Cloudflare/human-verification signal found; evidence: payment/pricing signal found; CAPTCHA signal found; 2 form(s), 11 input/select/textarea fields; submit/add/list/publish button text signal found; directory/listing marketplace text signal found",,CAPTCHA or Cloudflare/human-verification signal found,yes,review_row:291,200,yes,http://godchild.keenspot.com/comic/evolution-of-maggie/,godchild.keenspot.com,2,11,yes,no,yes,no,no,yes,no,yes,no,,2026-05-22T11:05:48.504Z
p2-reclass-005,104,299,P2,verify_directory_fit_before_any_approval,https://happyhealthymama.com/air-fryer-apples-healthy.html,happyhealthymama.com,,approved | reject_not_directory | reject_not_submit | reject_paid | reject_auth_required,reject_auth_required,reject_auth_required,medium,,reject_for_automation_unless_human_assisted_flow_is_explicitly_planned,"CAPTCHA or Cloudflare/human-verification signal found; evidence: CAPTCHA signal found; Cloudflare/human verification signal found; 4 form(s), 35 input/select/textarea fields; submit/add/list/publish button text signal found; directory/listing marketplace text signal found",,CAPTCHA or Cloudflare/human-verification signal found,yes,review_row:299,200,yes,https://happyhealthymama.com/air-fryer-apples-healthy.html,happyhealthymama.com,4,35,yes,no,yes,no,no,yes,yes,no,no,,2026-05-22T11:05:57.161Z
p2-reclass-005,105,315,P2,verify_directory_fit_before_any_approval,https://iotwreport.com/letitia-james-indicted-for-banking-fraud,iotwreport.com,,approved | reject_not_directory | reject_not_submit | reject_paid | reject_auth_required,reject_paid,reject_auth_required,medium,,reject_for_automation_unless_human_assisted_flow_is_explicitly_planned,"CAPTCHA or Cloudflare/human-verification signal found; evidence: payment/pricing signal found; CAPTCHA signal found; Cloudflare/human verification signal found; 1 form(s), 3 input/select/textarea fields; submit/add/list/publish button text signal found; directory/listing marketplace text signal found",,CAPTCHA or Cloudflare/human-verification signal found,yes,review_row:315,200,yes,https://iotwreport.com/letitia-james-indicted-for-banking-fraud/,iotwreport.com,1,3,yes,no,yes,no,no,yes,yes,yes,no,,2026-05-22T11:06:05.574Z
p2-reclass-005,106,320,P2,verify_directory_fit_before_any_approval,https://joaniesimon.com/94f737822923f4567e1a7ce9681e5b9a-2,joaniesimon.com,,approved | reject_not_directory | reject_not_submit | reject_paid | reject_auth_required,reject_auth_required,reject_auth_required,medium,,reject_for_automation_unless_human_assisted_flow_is_explicitly_planned,CAPTCHA or Cloudflare/human-verification signal found; evidence: CAPTCHA signal found; directory/listing marketplace text signal found,,CAPTCHA or Cloudflare/human-verification signal found,yes,review_row:320,200,yes,https://joaniesimon.com/94f737822923f4567e1a7ce9681e5b9a-2/,joaniesimon.com,0,0,no,no,yes,no,no,yes,no,no,no,,2026-05-22T11:06:16.752Z
p2-reclass-005,107,321,P2,verify_directory_fit_before_any_approval,https://joaniesimon.com/grilled-lemon-garlic-potato-kabobs/grilled-potato-kabobs-with-lemon-and-garlic,joaniesimon.com,,approved | reject_not_directory | reject_not_submit | reject_paid | reject_auth_required,reject_auth_required,reject_auth_required,medium,,reject_for_automation_unless_human_assisted_flow_is_explicitly_planned,CAPTCHA or Cloudflare/human-verification signal found; evidence: CAPTCHA signal found; directory/listing marketplace text signal found,,CAPTCHA or Cloudflare/human-verification signal found,yes,review_row:321,200,yes,https://joaniesimon.com/grilled-lemon-garlic-potato-kabobs/grilled-potato-kabobs-with-lemon-and-garlic/,joaniesimon.com,0,0,no,no,yes,no,no,yes,no,no,no,,2026-05-22T11:06:20.703Z
p2-reclass-005,108,327,P2,verify_directory_fit_before_any_approval,http://www.kcn.ne.jp/~gorosan/cgi-bin/diarypro/diary.cgi?mode=comment&no=97,kcn.ne.jp,,approved | reject_not_directory | reject_not_submit | reject_paid | reject_auth_required,review_fetch_failed,reject_not_directory,high,,reject_non_directory_source_page,"URL query (?mode=comment&no=97) looks like a comment page, not a product directory; evidence: fetch failed",,"URL query (?mode=comment&no=97) looks like a comment page, not a product directory",yes,review_row:327,,no,,,0,0,no,no,unknown,unknown,unknown,unknown,unknown,unknown,unknown,fetch failed,2026-05-22T11:06:27.022Z
p2-reclass-005,109,328,P2,verify_directory_fit_before_any_approval,http://www.kt.rim.or.jp/~youie/cgi-bin/nanmeri/nanmeri.cgi?mode=comment&no=224,kt.rim.or.jp,,approved | reject_not_directory | reject_not_submit | reject_paid | reject_auth_required,review_possible_submit_form,reject_not_directory,high,,reject_non_directory_source_page,"URL query (?mode=comment&no=224) looks like a comment page, not a product directory; evidence: 1 form(s), 16 input/select/textarea fields; submit/add/list/publish button text signal found; directory/listing marketplace text signal found",,"URL query (?mode=comment&no=224) looks like a comment page, not a product directory",yes,review_row:328,200,yes,http://www.kt.rim.or.jp/~youie/cgi-bin/nanmeri/nanmeri.cgi?mode=comment&no=224,kt.rim.or.jp,1,16,yes,no,yes,no,no,no,no,no,no,,2026-05-22T11:06:28.165Z
p2-reclass-005,110,329,P2,verify_directory_fit_before_any_approval,http://www.kt.rim.or.jp/~youie/cgi-bin/nanmeri/nanmeri.cgi?mode=comment&no=239,kt.rim.or.jp,,approved | reject_not_directory | reject_not_submit | reject_paid | reject_auth_required,review_possible_submit_form,reject_not_directory,high,,reject_non_directory_source_page,"URL query (?mode=comment&no=239) looks like a comment page, not a product directory; evidence: 1 form(s), 16 input/select/textarea fields; submit/add/list/publish button text signal found; directory/listing marketplace text signal found",,"URL query (?mode=comment&no=239) looks like a comment page, not a product directory",yes,review_row:329,200,yes,http://www.kt.rim.or.jp/~youie/cgi-bin/nanmeri/nanmeri.cgi?mode=comment&no=239,kt.rim.or.jp,1,16,yes,no,yes,no,no,no,no,no,no,,2026-05-22T11:06:30.371Z
p2-reclass-005,111,330,P2,verify_directory_fit_before_any_approval,https://labsk.net/index.php?action=profile%3Bu%3D50620,labsk.net,,approved | reject_not_directory | reject_not_submit | reject_paid | reject_auth_required,reject_auth_required,reject_auth_required,medium,,reject_for_automation_unless_human_assisted_flow_is_explicitly_planned,"CAPTCHA or Cloudflare/human-verification signal found; evidence: CAPTCHA signal found; 1 form(s), 3 input/select/textarea fields; submit/add/list/publish button text signal found; directory/listing marketplace text signal found",,CAPTCHA or Cloudflare/human-verification signal found,yes,review_row:330,200,yes,https://labsk.net/index.php?action=profile%3Bu%3D50620,labsk.net,1,3,yes,no,yes,no,no,yes,no,no,no,,2026-05-22T11:06:31.948Z
p2-reclass-005,112,342,P2,verify_directory_fit_before_any_approval,https://loveandmarriageblog.com/beach-water-cocktail,loveandmarriageblog.com,,approved | reject_not_directory | reject_not_submit | reject_paid | reject_auth_required,review_fetch_failed,needs_manual_check,low,,manual_browser_check_required_before_decision,HTTP 403; evidence: HTTP 403,,HTTP 403,yes,review_row:342,403,no,https://loveandmarriageblog.com/beach-water-cocktail,loveandmarriageblog.com,0,0,no,no,no,no,no,no,no,no,no,HTTP 403,2026-05-22T11:06:46.788Z
p2-reclass-005,113,359,P2,verify_directory_fit_before_any_approval,https://mastodon.social/@rstevens/112532171747034727,mastodon.social,,approved | reject_not_directory | reject_not_submit | reject_paid | reject_auth_required,review_fetch_failed,needs_manual_check,low,,manual_browser_check_required_before_decision,fetch failed; evidence: fetch failed,,fetch failed,yes,review_row:359,,no,,,0,0,no,no,unknown,unknown,unknown,unknown,unknown,unknown,unknown,fetch failed,2026-05-22T11:30:35.558Z
p2-reclass-005,114,367,P2,verify_directory_fit_before_any_approval,https://www.moonsoap.com/hpgen/HPB/entries/8.html,moonsoap.com,,approved | reject_not_directory | reject_not_submit | reject_paid | reject_auth_required,review_fetch_failed,needs_manual_check,low,,manual_browser_check_required_before_decision,fetch failed; evidence: fetch failed,,fetch failed,yes,review_row:367,,no,,,0,0,no,no,unknown,unknown,unknown,unknown,unknown,unknown,unknown,fetch failed,2026-05-22T11:30:51.061Z
p2-reclass-005,115,379,P2,verify_directory_fit_before_any_approval,https://nasze-lasie-pl.sugester.pl/167783170-ChatGPT-in-Spain-Revolutionizing-Communication-and-AI-Interaction?order=popular&page=2,nasze-lasie-pl.sugester.pl,,approved | reject_not_directory | reject_not_submit | reject_paid | reject_auth_required,reject_auth_required,reject_auth_required,medium,,reject_for_automation_unless_human_assisted_flow_is_explicitly_planned,"CAPTCHA or Cloudflare/human-verification signal found; evidence: CAPTCHA signal found; 1 form(s), 19 input/select/textarea fields; submit/add/list/publish button text signal found",,CAPTCHA or Cloudflare/human-verification signal found,yes,review_row:379,200,yes,https://nasze-lasie-pl.sugester.pl/?error=private_forum,nasze-lasie-pl.sugester.pl,1,19,yes,no,no,no,no,yes,no,no,no,,2026-05-22T11:31:13.224Z
p2-reclass-005,116,380,P2,verify_directory_fit_before_any_approval,https://nasze-lasie-pl.sugester.pl/18132-o-stronie-wiadomosci-na-glownej-itp?order=popular,nasze-lasie-pl.sugester.pl,,approved | reject_not_directory | reject_not_submit | reject_paid | reject_auth_required,reject_auth_required,reject_auth_required,medium,,reject_for_automation_unless_human_assisted_flow_is_explicitly_planned,"CAPTCHA or Cloudflare/human-verification signal found; evidence: CAPTCHA signal found; 1 form(s), 19 input/select/textarea fields; submit/add/list/publish button text signal found",,CAPTCHA or Cloudflare/human-verification signal found,yes,review_row:380,200,yes,https://nasze-lasie-pl.sugester.pl/?error=private_forum,nasze-lasie-pl.sugester.pl,1,19,yes,no,no,no,no,yes,no,no,no,,2026-05-22T11:31:15.687Z
p2-reclass-005,117,409,P2,verify_directory_fit_before_any_approval,https://www.papertraildesign.com/football-water-bottle-labels-free-printable,papertraildesign.com,,approved | reject_not_directory | reject_not_submit | reject_paid | reject_auth_required,reject_auth_required,reject_auth_required,medium,,reject_for_automation_unless_human_assisted_flow_is_explicitly_planned,"CAPTCHA or Cloudflare/human-verification signal found; evidence: CAPTCHA signal found; Cloudflare/human verification signal found; 3 form(s), 16 input/select/textarea fields; submit/add/list/publish button text signal found; directory/listing marketplace text signal found",,CAPTCHA or Cloudflare/human-verification signal found,yes,review_row:409,200,yes,https://www.papertraildesign.com/football-water-bottle-labels-free-printable/,papertraildesign.com,3,16,yes,no,yes,no,no,yes,yes,no,no,,2026-05-22T11:30:38.054Z
p2-reclass-005,118,412,P2,verify_directory_fit_before_any_approval,https://www.patisserie-okumoto.com/hpgen/HPB/entries/1.html?https%3A%2F%2Ffuhrerschein-eu.com%2F=,patisserie-okumoto.com,,approved | reject_not_directory | reject_not_submit | reject_paid | reject_auth_required,review_fetch_failed,needs_manual_check,low,,manual_browser_check_required_before_decision,fetch failed; evidence: fetch failed,,fetch failed,yes,review_row:412,,no,,,0,0,no,no,unknown,unknown,unknown,unknown,unknown,unknown,unknown,fetch failed,2026-05-22T11:30:43.896Z
p2-reclass-005,119,418,P2,verify_directory_fit_before_any_approval,https://pharmahub.org/kb/registration/login2,pharmahub.org,,approved | reject_not_directory | reject_not_submit | reject_paid | reject_auth_required,review_fetch_failed,needs_manual_check,low,,manual_browser_check_required_before_decision,fetch failed; evidence: fetch failed,,fetch failed,yes,review_row:418,,no,,,0,0,no,no,unknown,unknown,unknown,unknown,unknown,unknown,unknown,fetch failed,2026-05-22T11:30:58.136Z
p2-reclass-005,120,419,P2,verify_directory_fit_before_any_approval,https://www.pinkcaddytravelogue.com/7-day-iceland-itinerary,pinkcaddytravelogue.com,,approved | reject_not_directory | reject_not_submit | reject_paid | reject_auth_required,reject_auth_required,reject_auth_required,medium,,reject_for_automation_unless_human_assisted_flow_is_explicitly_planned,"CAPTCHA or Cloudflare/human-verification signal found; evidence: CAPTCHA signal found; Cloudflare/human verification signal found; 2 form(s), 17 input/select/textarea fields; submit/add/list/publish button text signal found",,CAPTCHA or Cloudflare/human-verification signal found,yes,review_row:419,200,yes,https://www.pinkcaddytravelogue.com/7-day-iceland-itinerary/,pinkcaddytravelogue.com,2,17,yes,no,no,no,no,yes,yes,no,no,,2026-05-22T11:31:08.669Z
p2-reclass-005,121,457,P2,verify_directory_fit_before_any_approval,https://ru.esosedi.org/RU/BA/8564043/ust_saldyibash,ru.esosedi.org,,approved | reject_not_directory | reject_not_submit | reject_paid | reject_auth_required,reject_auth_required,reject_auth_required,medium,,reject_for_automation_unless_human_assisted_flow_is_explicitly_planned,CAPTCHA or Cloudflare/human-verification signal found; evidence: Cloudflare/human verification signal found; final domain changed to esosedi.org,,CAPTCHA or Cloudflare/human-verification signal found,yes,review_row:457,200,yes,https://esosedi.org/,esosedi.org,0,0,no,no,no,no,no,no,yes,no,no,,2026-05-22T11:32:10.682Z
p2-reclass-005,122,530,P2,verify_directory_fit_before_any_approval,https://threewood.jp/hpgen/HPB/entries/25.html,threewood.jp,,approved | reject_not_directory | reject_not_submit | reject_paid | reject_auth_required,review_fetch_failed,needs_manual_check,low,,manual_browser_check_required_before_decision,This operation was aborted; evidence: This operation was aborted,,This operation was aborted,yes,review_row:530,,no,,,0,0,no,no,unknown,unknown,unknown,unknown,unknown,unknown,unknown,This operation was aborted,2026-05-22T11:32:36.019Z
p2-reclass-005,123,568,P2,verify_directory_fit_before_any_approval,https://yandex.com/indexnow,yandex.com,,approved | reject_not_directory | reject_not_submit | reject_paid | reject_auth_required,reject_auth_required,reject_auth_required,medium,,reject_for_automation_unless_human_assisted_flow_is_explicitly_planned,CAPTCHA or Cloudflare/human-verification signal found; evidence: CAPTCHA signal found; final domain changed to yandex.ru,,CAPTCHA or Cloudflare/human-verification signal found,yes,review_row:568,200,yes,https://yandex.ru/support/webmaster/ru/indexing-options/index-now.html,yandex.ru,0,2,no,no,no,no,no,yes,no,no,no,,2026-05-22T11:32:51.110Z
p2-reclass-005,124,573,P2,verify_directory_fit_before_any_approval,https://www.yourcupofcake.com/almond-banana-bread,yourcupofcake.com,,approved | reject_not_directory | reject_not_submit | reject_paid | reject_auth_required,reject_auth_required,reject_auth_required,medium,,reject_for_automation_unless_human_assisted_flow_is_explicitly_planned,"CAPTCHA or Cloudflare/human-verification signal found; evidence: CAPTCHA signal found; Cloudflare/human verification signal found; 2 form(s), 6 input/select/textarea fields; submit/add/list/publish button text signal found; directory/listing marketplace text signal found",,CAPTCHA or Cloudflare/human-verification signal found,yes,review_row:573,200,yes,https://www.yourcupofcake.com/almond-banana-bread/,yourcupofcake.com,2,6,yes,no,yes,no,no,yes,yes,no,no,,2026-05-22T11:33:03.157Z
p2-reclass-005,125,574,P2,verify_directory_fit_before_any_approval,https://www.yourcupofcake.com/banana-bread-coffee-cake,yourcupofcake.com,,approved | reject_not_directory | reject_not_submit | reject_paid | reject_auth_required,reject_auth_required,reject_auth_required,medium,,reject_for_automation_unless_human_assisted_flow_is_explicitly_planned,"CAPTCHA or Cloudflare/human-verification signal found; evidence: CAPTCHA signal found; Cloudflare/human verification signal found; 2 form(s), 6 input/select/textarea fields; submit/add/list/publish button text signal found; directory/listing marketplace text signal found",,CAPTCHA or Cloudflare/human-verification signal found,yes,review_row:574,200,yes,https://www.yourcupofcake.com/banana-bread-coffee-cake/,yourcupofcake.com,2,6,yes,no,yes,no,no,yes,yes,no,no,,2026-05-22T11:33:05.884Z
p2-reclass-005,126,575,P2,verify_directory_fit_before_any_approval,https://www.yourcupofcake.com/candy-cane-muddy-buddies,yourcupofcake.com,,approved | reject_not_directory | reject_not_submit | reject_paid | reject_auth_required,reject_auth_required,reject_auth_required,medium,,reject_for_automation_unless_human_assisted_flow_is_explicitly_planned,"CAPTCHA or Cloudflare/human-verification signal found; evidence: CAPTCHA signal found; Cloudflare/human verification signal found; 2 form(s), 6 input/select/textarea fields; submit/add/list/publish button text signal found; directory/listing marketplace text signal found",,CAPTCHA or Cloudflare/human-verification signal found,yes,review_row:575,200,yes,https://www.yourcupofcake.com/candy-cane-muddy-buddies/,yourcupofcake.com,2,6,yes,no,yes,no,no,yes,yes,no,no,,2026-05-22T11:33:06.997Z
p2-reclass-005,127,576,P2,verify_directory_fit_before_any_approval,https://www.yourcupofcake.com/cinnamon-toast-crunch-cupcakes,yourcupofcake.com,,approved | reject_not_directory | reject_not_submit | reject_paid | reject_auth_required,reject_auth_required,reject_auth_required,medium,,reject_for_automation_unless_human_assisted_flow_is_explicitly_planned,"CAPTCHA or Cloudflare/human-verification signal found; evidence: CAPTCHA signal found; Cloudflare/human verification signal found; 2 form(s), 6 input/select/textarea fields; submit/add/list/publish button text signal found; directory/listing marketplace text signal found",,CAPTCHA or Cloudflare/human-verification signal found,yes,review_row:576,200,yes,https://www.yourcupofcake.com/cinnamon-toast-crunch-cupcakes/,yourcupofcake.com,2,6,yes,no,yes,no,no,yes,yes,no,no,,2026-05-22T11:33:30.776Z
p2-reclass-005,128,577,P2,verify_directory_fit_before_any_approval,https://www.yourcupofcake.com/easy-to-make-snowman-cupcakes,yourcupofcake.com,,approved | reject_not_directory | reject_not_submit | reject_paid | reject_auth_required,reject_auth_required,reject_auth_required,medium,,reject_for_automation_unless_human_assisted_flow_is_explicitly_planned,"CAPTCHA or Cloudflare/human-verification signal found; evidence: CAPTCHA signal found; Cloudflare/human verification signal found; 2 form(s), 6 input/select/textarea fields; submit/add/list/publish button text signal found; directory/listing marketplace text signal found",,CAPTCHA or Cloudflare/human-verification signal found,yes,review_row:577,200,yes,https://www.yourcupofcake.com/easy-to-make-snowman-cupcakes/,yourcupofcake.com,2,6,yes,no,yes,no,no,yes,yes,no,no,,2026-05-22T11:33:34.621Z
